dataset,column,miss_ratio,method,RMSE,Wasserstein,time
Bala_regression_dataset,Ferroelectric_Tc_in_Kelvin,0.9,fill_with_et,79.60510681012934,36.08806722689076,0.07299399375915527
Bala_regression_dataset,Ferroelectric_Tc_in_Kelvin,0.9,fill_with_ridge,105.92873124456378,62.51256116837136,0.014001131057739258
Bala_regression_dataset,Ferroelectric_Tc_in_Kelvin,0.9,fill_with_xgb,165.59102641198007,25.47536359514509,0.027998685836791992
Bala_regression_dataset,Ferroelectric_Tc_in_Kelvin,0.9,fill_with_lgb,106.13947702604503,70.37233354880414,0.014969110488891602
Bala_regression_dataset,Ferroelectric_Tc_in_Kelvin,0.9,fill_with_gbr,91.05933420388881,27.165786779388966,0.02900242805480957
Bala_regression_dataset,Ferroelectric_Tc_in_Kelvin,0.9,fill_with_rf,91.08304792972217,47.57848739495799,0.0620269775390625
Bala_regression_dataset,Ferroelectric_Tc_in_Kelvin,0.9,fill_with_dt,108.63786114403017,22.403361344537814,0.003998994827270508
Bala_regression_dataset,Ferroelectric_Tc_in_Kelvin,0.8,fill_with_et,89.04385558770761,30.821037735849046,0.056996822357177734
Bala_regression_dataset,Ferroelectric_Tc_in_Kelvin,0.8,fill_with_ridge,113.30131162565135,59.04035229062275,0.006001949310302734
Bala_regression_dataset,Ferroelectric_Tc_in_Kelvin,0.8,fill_with_xgb,93.09841725173916,29.7157967045622,0.03399968147277832
Bala_regression_dataset,Ferroelectric_Tc_in_Kelvin,0.8,fill_with_lgb,112.14871954871447,75.88388969521046,0.009964942932128906
Bala_regression_dataset,Ferroelectric_Tc_in_Kelvin,0.8,fill_with_gbr,89.7885764117343,34.62522087361717,0.03200054168701172
Bala_regression_dataset,Ferroelectric_Tc_in_Kelvin,0.8,fill_with_rf,90.20187606299007,42.534339622641504,0.06303286552429199
Bala_regression_dataset,Ferroelectric_Tc_in_Kelvin,0.8,fill_with_dt,107.54323395644805,34.39622641509433,0.0049991607666015625
Bala_regression_dataset,Ferroelectric_Tc_in_Kelvin,0.7000000000000001,fill_with_et,71.2751925637525,24.3420652173913,0.07499480247497559
Bala_regression_dataset,Ferroelectric_Tc_in_Kelvin,0.7000000000000001,fill_with_ridge,111.08173344073741,64.7412304779036,0.00599980354309082
Bala_regression_dataset,Ferroelectric_Tc_in_Kelvin,0.7000000000000001,fill_with_xgb,75.981011266246,25.8372278628142,0.03299856185913086
Bala_regression_dataset,Ferroelectric_Tc_in_Kelvin,0.7000000000000001,fill_with_lgb,105.96695476207462,65.8719740507859,0.015002012252807617
Bala_regression_dataset,Ferroelectric_Tc_in_Kelvin,0.7000000000000001,fill_with_gbr,79.7607834848413,25.972917415874743,0.033004045486450195
Bala_regression_dataset,Ferroelectric_Tc_in_Kelvin,0.7000000000000001,fill_with_rf,79.40611368971756,28.21304347826087,0.06603527069091797
Bala_regression_dataset,Ferroelectric_Tc_in_Kelvin,0.7000000000000001,fill_with_dt,84.97199026994002,23.391304347826093,0.004999399185180664
Bala_regression_dataset,Ferroelectric_Tc_in_Kelvin,0.6000000000000001,fill_with_et,59.11242728473998,22.246708860759494,0.0655364990234375
Bala_regression_dataset,Ferroelectric_Tc_in_Kelvin,0.6000000000000001,fill_with_ridge,102.7783963281836,54.42565658620413,0.00900125503540039
Bala_regression_dataset,Ferroelectric_Tc_in_Kelvin,0.6000000000000001,fill_with_xgb,66.49129614434125,18.827729044081288,0.03603529930114746
Bala_regression_dataset,Ferroelectric_Tc_in_Kelvin,0.6000000000000001,fill_with_lgb,92.65340658680829,40.30338338625677,0.014970064163208008
Bala_regression_dataset,Ferroelectric_Tc_in_Kelvin,0.6000000000000001,fill_with_gbr,58.261049579398644,21.422912720816704,0.034972190856933594
Bala_regression_dataset,Ferroelectric_Tc_in_Kelvin,0.6000000000000001,fill_with_rf,53.263428817220245,25.715063291139238,0.0689995288848877
Bala_regression_dataset,Ferroelectric_Tc_in_Kelvin,0.6000000000000001,fill_with_dt,67.2390407991885,20.075949367088608,0.003999948501586914
Bala_regression_dataset,Ferroelectric_Tc_in_Kelvin,0.5,fill_with_et,74.37944019850124,37.79909090909092,0.08499503135681152
Bala_regression_dataset,Ferroelectric_Tc_in_Kelvin,0.5,fill_with_ridge,122.20819284911585,80.05763792811327,0.0059969425201416016
Bala_regression_dataset,Ferroelectric_Tc_in_Kelvin,0.5,fill_with_xgb,92.56340690489128,36.882523507782906,0.03600311279296875
Bala_regression_dataset,Ferroelectric_Tc_in_Kelvin,0.5,fill_with_lgb,99.4665434790165,47.92355826972754,0.01996588706970215
Bala_regression_dataset,Ferroelectric_Tc_in_Kelvin,0.5,fill_with_gbr,83.11533516751739,36.63237136262371,0.033004045486450195
Bala_regression_dataset,Ferroelectric_Tc_in_Kelvin,0.5,fill_with_rf,82.6426098916108,41.18515151515151,0.07403373718261719
Bala_regression_dataset,Ferroelectric_Tc_in_Kelvin,0.5,fill_with_dt,92.0610798559436,25.333333333333336,0.00899958610534668
Bala_regression_dataset,Ferroelectric_Tc_in_Kelvin,0.4,fill_with_et,50.03953704746405,22.962641509433954,0.0639948844909668
Bala_regression_dataset,Ferroelectric_Tc_in_Kelvin,0.4,fill_with_ridge,123.00958092098831,61.954501634750535,0.004998207092285156
Bala_regression_dataset,Ferroelectric_Tc_in_Kelvin,0.4,fill_with_xgb,61.70577555228266,21.63195109817217,0.024999141693115234
Bala_regression_dataset,Ferroelectric_Tc_in_Kelvin,0.4,fill_with_lgb,91.13495461284481,40.76007379557578,0.01500391960144043
Bala_regression_dataset,Ferroelectric_Tc_in_Kelvin,0.4,fill_with_gbr,56.71590971254841,26.524181681749674,0.035997629165649414
Bala_regression_dataset,Ferroelectric_Tc_in_Kelvin,0.4,fill_with_rf,57.68948888328147,26.457811320754715,0.07200241088867188
Bala_regression_dataset,Ferroelectric_Tc_in_Kelvin,0.4,fill_with_dt,66.81063072115462,16.339622641509436,0.00500035285949707
Bala_regression_dataset,Ferroelectric_Tc_in_Kelvin,0.30000000000000004,fill_with_et,43.899622037097316,11.844000000000003,0.07599496841430664
Bala_regression_dataset,Ferroelectric_Tc_in_Kelvin,0.30000000000000004,fill_with_ridge,115.88602614330702,58.55034755066962,0.010004281997680664
Bala_regression_dataset,Ferroelectric_Tc_in_Kelvin,0.30000000000000004,fill_with_xgb,49.08650970484396,13.22108154296874,0.029999494552612305
Bala_regression_dataset,Ferroelectric_Tc_in_Kelvin,0.30000000000000004,fill_with_lgb,85.13376619566579,28.922875920619624,0.017969846725463867
Bala_regression_dataset,Ferroelectric_Tc_in_Kelvin,0.30000000000000004,fill_with_gbr,49.134107872710715,9.702269141971708,0.03596687316894531
Bala_regression_dataset,Ferroelectric_Tc_in_Kelvin,0.30000000000000004,fill_with_rf,40.52417153173318,11.551333333333337,0.07803797721862793
Bala_regression_dataset,Ferroelectric_Tc_in_Kelvin,0.30000000000000004,fill_with_dt,54.67929224121322,17.775000000000002,0.00500035285949707
Bala_regression_dataset,Ferroelectric_Tc_in_Kelvin,0.2,fill_with_et,44.201475480071764,19.053461538461544,0.05299854278564453
Bala_regression_dataset,Ferroelectric_Tc_in_Kelvin,0.2,fill_with_ridge,110.22402921217781,65.24474654783063,0.007999420166015625
Bala_regression_dataset,Ferroelectric_Tc_in_Kelvin,0.2,fill_with_xgb,63.67978562845937,19.525356586162857,0.029999256134033203
Bala_regression_dataset,Ferroelectric_Tc_in_Kelvin,0.2,fill_with_lgb,66.46763069580287,28.706417474942533,0.015964984893798828
Bala_regression_dataset,Ferroelectric_Tc_in_Kelvin,0.2,fill_with_gbr,47.72381491947491,17.768218415803982,0.04100847244262695
Bala_regression_dataset,Ferroelectric_Tc_in_Kelvin,0.2,fill_with_rf,47.61713944821518,15.343076923076914,0.08269500732421875
Bala_regression_dataset,Ferroelectric_Tc_in_Kelvin,0.2,fill_with_dt,55.94434047130443,20.846153846153843,0.004993915557861328
Bala_regression_dataset,Ferroelectric_Tc_in_Kelvin,0.1,fill_with_et,45.86712254730214,21.29461538461539,0.07803535461425781
Bala_regression_dataset,Ferroelectric_Tc_in_Kelvin,0.1,fill_with_ridge,68.57290239513907,48.759841667987665,0.011034488677978516
Bala_regression_dataset,Ferroelectric_Tc_in_Kelvin,0.1,fill_with_xgb,52.563086510155934,18.38692533052885,0.04400300979614258
Bala_regression_dataset,Ferroelectric_Tc_in_Kelvin,0.1,fill_with_lgb,68.59792120050743,20.262535864305885,0.016941308975219727
Bala_regression_dataset,Ferroelectric_Tc_in_Kelvin,0.1,fill_with_gbr,54.19779200803141,27.204642832073276,0.03696846961975098
Bala_regression_dataset,Ferroelectric_Tc_in_Kelvin,0.1,fill_with_rf,56.9187767450588,28.333076923076927,0.07903313636779785
Bala_regression_dataset,Ferroelectric_Tc_in_Kelvin,0.1,fill_with_dt,30.161105876481184,15.538461538461538,0.004999876022338867
Bala_regression_dataset,Ionic_Displacements,0.9,fill_with_et,0.00867660990123167,0.003386941176470603,0.056998491287231445
Bala_regression_dataset,Ionic_Displacements,0.9,fill_with_ridge,0.006575167843006862,0.004162087086955087,0.0069997310638427734
Bala_regression_dataset,Ionic_Displacements,0.9,fill_with_xgb,0.008569961862850799,0.001712767913862437,0.018006324768066406
Bala_regression_dataset,Ionic_Displacements,0.9,fill_with_lgb,0.011903092825303817,0.010557271294680117,0.011961936950683594
Bala_regression_dataset,Ionic_Displacements,0.9,fill_with_gbr,0.009695447392001275,0.0030518980524488004,0.030966758728027344
Bala_regression_dataset,Ionic_Displacements,0.9,fill_with_rf,0.008535553061590503,0.0036990756302521244,0.0630347728729248
Bala_regression_dataset,Ionic_Displacements,0.9,fill_with_dt,0.007070366612391005,0.0020672268907563013,0.004999876022338867
Bala_regression_dataset,Ionic_Displacements,0.8,fill_with_et,0.0058609117537210655,0.0017358679245282809,0.07703471183776855
Bala_regression_dataset,Ionic_Displacements,0.8,fill_with_ridge,0.006537542845271386,0.003542047140356645,0.007003068923950195
Bala_regression_dataset,Ionic_Displacements,0.8,fill_with_xgb,0.008067797222547118,0.0014967648192396705,0.018000125885009766
Bala_regression_dataset,Ionic_Displacements,0.8,fill_with_lgb,0.00971187046453821,0.0071436862407471165,0.012949705123901367
Bala_regression_dataset,Ionic_Displacements,0.8,fill_with_gbr,0.007560064696394193,0.0012751380176825775,0.03705954551696777
Bala_regression_dataset,Ionic_Displacements,0.8,fill_with_rf,0.007420755010410221,0.002150471698113187,0.06400060653686523
Bala_regression_dataset,Ionic_Displacements,0.8,fill_with_dt,0.008938305314028632,0.0017820754716981143,0.0050029754638671875
Bala_regression_dataset,Ionic_Displacements,0.7000000000000001,fill_with_et,0.006573021518330427,0.0025755978260869295,0.08712601661682129
Bala_regression_dataset,Ionic_Displacements,0.7000000000000001,fill_with_ridge,0.005877879262524852,0.0031628500543865847,0.012002944946289062
Bala_regression_dataset,Ionic_Displacements,0.7000000000000001,fill_with_xgb,0.007658038957131627,0.0024657532295455104,0.02399420738220215
Bala_regression_dataset,Ionic_Displacements,0.7000000000000001,fill_with_lgb,0.010434585262712497,0.007216304500724961,0.011970281600952148
Bala_regression_dataset,Ionic_Displacements,0.7000000000000001,fill_with_gbr,0.007433038117496203,0.0022373595738589868,0.03301692008972168
Bala_regression_dataset,Ionic_Displacements,0.7000000000000001,fill_with_rf,0.00756734340338686,0.003148315217391273,0.06803083419799805
Bala_regression_dataset,Ionic_Displacements,0.7000000000000001,fill_with_dt,0.008375845187722589,0.0015826086956521762,0.006003618240356445
Bala_regression_dataset,Ionic_Displacements,0.6000000000000001,fill_with_et,0.00463049948641299,0.0010652911392405005,0.06000041961669922
Bala_regression_dataset,Ionic_Displacements,0.6000000000000001,fill_with_ridge,0.005209594830767304,0.0025606421517112366,0.004999399185180664
Bala_regression_dataset,Ionic_Displacements,0.6000000000000001,fill_with_xgb,0.006024908340978403,0.0015412681138968173,0.01599860191345215
Bala_regression_dataset,Ionic_Displacements,0.6000000000000001,fill_with_lgb,0.007891118348420227,0.003179375094692854,0.01800704002380371
Bala_regression_dataset,Ionic_Displacements,0.6000000000000001,fill_with_gbr,0.004995331916283992,0.0009127394720602736,0.03497004508972168
Bala_regression_dataset,Ionic_Displacements,0.6000000000000001,fill_with_rf,0.004465899851207222,0.0015326962025316291,0.06899714469909668
Bala_regression_dataset,Ionic_Displacements,0.6000000000000001,fill_with_dt,0.006495353743497314,0.0018683544303797481,0.005035877227783203
Bala_regression_dataset,Ionic_Displacements,0.5,fill_with_et,0.006172772318084414,0.0024558181818181936,0.06203341484069824
Bala_regression_dataset,Ionic_Displacements,0.5,fill_with_ridge,0.006818290875774681,0.004226837233587468,0.007001638412475586
Bala_regression_dataset,Ionic_Displacements,0.5,fill_with_xgb,0.007294002980827871,0.0021363119538986334,0.027003049850463867
Bala_regression_dataset,Ionic_Displacements,0.5,fill_with_lgb,0.00825820306151638,0.002380432015174901,0.023479223251342773
Bala_regression_dataset,Ionic_Displacements,0.5,fill_with_gbr,0.007354386489622588,0.0024798088678247036,0.038967132568359375
Bala_regression_dataset,Ionic_Displacements,0.5,fill_with_rf,0.006560045441684817,0.002805803030303025,0.07003593444824219
Bala_regression_dataset,Ionic_Displacements,0.5,fill_with_dt,0.008707711664050575,0.0014393939393939396,0.004998922348022461
Bala_regression_dataset,Ionic_Displacements,0.4,fill_with_et,0.00604047881239716,0.0017649999999999992,0.06199979782104492
Bala_regression_dataset,Ionic_Displacements,0.4,fill_with_ridge,0.005955123161858533,0.0026407144384016225,0.00600123405456543
Bala_regression_dataset,Ionic_Displacements,0.4,fill_with_xgb,0.0058835559228485055,0.0016203036249808542,0.023000717163085938
Bala_regression_dataset,Ionic_Displacements,0.4,fill_with_lgb,0.00656221274743758,0.0022422642098488613,0.014966487884521484
Bala_regression_dataset,Ionic_Displacements,0.4,fill_with_gbr,0.00615602192041618,0.0013104116330003857,0.03500723838806152
Bala_regression_dataset,Ionic_Displacements,0.4,fill_with_rf,0.006126237510718622,0.0018119999999999914,0.07303738594055176
Bala_regression_dataset,Ionic_Displacements,0.4,fill_with_dt,0.007001091559097618,0.0017679245283018878,0.0059964656829833984
Bala_regression_dataset,Ionic_Displacements,0.30000000000000004,fill_with_et,0.00491844794117008,0.0014276000000000193,0.06561017036437988
Bala_regression_dataset,Ionic_Displacements,0.30000000000000004,fill_with_ridge,0.004996303996258805,0.003164336190722672,0.0059986114501953125
Bala_regression_dataset,Ionic_Displacements,0.30000000000000004,fill_with_xgb,0.004569164566873925,0.0017026244047284131,0.01799774169921875
Bala_regression_dataset,Ionic_Displacements,0.30000000000000004,fill_with_lgb,0.006304404210618319,0.003966764699839502,0.015002250671386719
Bala_regression_dataset,Ionic_Displacements,0.30000000000000004,fill_with_gbr,0.004443307676034655,0.00202304146336049,0.03696918487548828
Bala_regression_dataset,Ionic_Displacements,0.30000000000000004,fill_with_rf,0.004668672338042168,0.002024150000000007,0.07866334915161133
Bala_regression_dataset,Ionic_Displacements,0.30000000000000004,fill_with_dt,0.006142922757124657,0.0016350000000000006,0.00899958610534668
Bala_regression_dataset,Ionic_Displacements,0.2,fill_with_et,0.006460583755477433,0.002743846153846161,0.056992530822753906
Bala_regression_dataset,Ionic_Displacements,0.2,fill_with_ridge,0.0057937791935030476,0.0028307888668336026,0.007999658584594727
Bala_regression_dataset,Ionic_Displacements,0.2,fill_with_xgb,0.00664397735599893,0.0025815358913861782,0.01999974250793457
Bala_regression_dataset,Ionic_Displacements,0.2,fill_with_lgb,0.0065713033447398345,0.0021881836362703322,0.014966487884521484
Bala_regression_dataset,Ionic_Displacements,0.2,fill_with_gbr,0.00605956635507138,0.0026925851306181174,0.037012338638305664
Bala_regression_dataset,Ionic_Displacements,0.2,fill_with_rf,0.005269772951611736,0.0025380384615384622,0.07601785659790039
Bala_regression_dataset,Ionic_Displacements,0.2,fill_with_dt,0.009813903010917332,0.004896153846153845,0.004999637603759766
Bala_regression_dataset,Ionic_Displacements,0.1,fill_with_et,0.002815729841171142,0.0018559230769231091,0.0729525089263916
Bala_regression_dataset,Ionic_Displacements,0.1,fill_with_ridge,0.0046855704444086245,0.002921206667471494,0.005001544952392578
Bala_regression_dataset,Ionic_Displacements,0.1,fill_with_xgb,0.00454135132447907,0.0025438101309996383,0.026996850967407227
Bala_regression_dataset,Ionic_Displacements,0.1,fill_with_lgb,0.003030484189681328,0.0015643236303421065,0.014970064163208008
Bala_regression_dataset,Ionic_Displacements,0.1,fill_with_gbr,0.002212986741290438,0.0008981697329016624,0.039000511169433594
Bala_regression_dataset,Ionic_Displacements,0.1,fill_with_rf,0.002914381963773679,0.0015486923076923362,0.07802486419677734
Bala_regression_dataset,Ionic_Displacements,0.1,fill_with_dt,0.007619509372454571,0.0022769230769230757,0.005011320114135742
Bala_regression_dataset,Tolerance_Factor,0.9,fill_with_et,0.008141698822892236,0.004496697478991705,0.0789942741394043
Bala_regression_dataset,Tolerance_Factor,0.9,fill_with_ridge,0.011436188557712314,0.008920438137979972,0.010001420974731445
Bala_regression_dataset,Tolerance_Factor,0.9,fill_with_xgb,0.010724970332149013,0.004836918055109614,0.014997005462646484
Bala_regression_dataset,Tolerance_Factor,0.9,fill_with_lgb,0.016951049328992916,0.01453232229019489,0.010970592498779297
Bala_regression_dataset,Tolerance_Factor,0.9,fill_with_gbr,0.008955627553858331,0.004715180486107822,0.02900099754333496
Bala_regression_dataset,Tolerance_Factor,0.9,fill_with_rf,0.008168234710493568,0.004665831932773222,0.06803274154663086
Bala_regression_dataset,Tolerance_Factor,0.9,fill_with_dt,0.01091674375066333,0.006589915966386563,0.005000114440917969
Bala_regression_dataset,Tolerance_Factor,0.8,fill_with_et,0.007292681112685386,0.002459943396226234,0.05199766159057617
Bala_regression_dataset,Tolerance_Factor,0.8,fill_with_ridge,0.00931336382097551,0.0064616895103177165,0.006002902984619141
Bala_regression_dataset,Tolerance_Factor,0.8,fill_with_xgb,0.0062775911861399,0.002286953856810077,0.023580312728881836
Bala_regression_dataset,Tolerance_Factor,0.8,fill_with_lgb,0.015379892893147309,0.013272060864480382,0.0169675350189209
Bala_regression_dataset,Tolerance_Factor,0.8,fill_with_gbr,0.007487640920651605,0.0027006512128856562,0.03196549415588379
Bala_regression_dataset,Tolerance_Factor,0.8,fill_with_rf,0.006982996215200633,0.0024479339622641054,0.06403708457946777
Bala_regression_dataset,Tolerance_Factor,0.8,fill_with_dt,0.00968144987582506,0.0034349056603773433,0.004999399185180664
Bala_regression_dataset,Tolerance_Factor,0.7000000000000001,fill_with_et,0.006117943586554435,0.00263720652173937,0.07999420166015625
Bala_regression_dataset,Tolerance_Factor,0.7000000000000001,fill_with_ridge,0.008820315513932031,0.005778721583289553,0.006005525588989258
Bala_regression_dataset,Tolerance_Factor,0.7000000000000001,fill_with_xgb,0.006910567937837856,0.0034279628795126117,0.018000125885009766
Bala_regression_dataset,Tolerance_Factor,0.7000000000000001,fill_with_lgb,0.015333789993228934,0.013464946258068095,0.012965917587280273
Bala_regression_dataset,Tolerance_Factor,0.7000000000000001,fill_with_gbr,0.006429442477704323,0.002979657757581463,0.03399991989135742
Bala_regression_dataset,Tolerance_Factor,0.7000000000000001,fill_with_rf,0.0063909941374733735,0.0031241086956524597,0.06502413749694824
Bala_regression_dataset,Tolerance_Factor,0.7000000000000001,fill_with_dt,0.00762589980435664,0.0028521739130434563,0.004999876022338867
Bala_regression_dataset,Tolerance_Factor,0.6000000000000001,fill_with_et,0.006212940664146192,0.0024710886075947213,0.07100200653076172
Bala_regression_dataset,Tolerance_Factor,0.6000000000000001,fill_with_ridge,0.00742243091483425,0.004737608832260992,0.011003255844116211
Bala_regression_dataset,Tolerance_Factor,0.6000000000000001,fill_with_xgb,0.006379540725952498,0.002069996344892278,0.029003381729125977
Bala_regression_dataset,Tolerance_Factor,0.6000000000000001,fill_with_lgb,0.007381032348383451,0.002964892377488439,0.014964818954467773
Bala_regression_dataset,Tolerance_Factor,0.6000000000000001,fill_with_gbr,0.00580360879649655,0.0021339543682313724,0.036980628967285156
Bala_regression_dataset,Tolerance_Factor,0.6000000000000001,fill_with_rf,0.006130423351478567,0.002483886075949233,0.06702971458435059
Bala_regression_dataset,Tolerance_Factor,0.6000000000000001,fill_with_dt,0.007799537474115163,0.0028493670886075915,0.0050067901611328125
Bala_regression_dataset,Tolerance_Factor,0.5,fill_with_et,0.00483891982374222,0.001769969696969591,0.07899975776672363
Bala_regression_dataset,Tolerance_Factor,0.5,fill_with_ridge,0.0072080173411348996,0.0044141353355242555,0.009999275207519531
Bala_regression_dataset,Tolerance_Factor,0.5,fill_with_xgb,0.005049685436545828,0.0022008093414884558,0.017004013061523438
Bala_regression_dataset,Tolerance_Factor,0.5,fill_with_lgb,0.006501149328895291,0.0025910646103394688,0.015012264251708984
Bala_regression_dataset,Tolerance_Factor,0.5,fill_with_gbr,0.005033222349396336,0.0021687761977719974,0.03600478172302246
Bala_regression_dataset,Tolerance_Factor,0.5,fill_with_rf,0.00442472464816964,0.0016999696969695038,0.06903219223022461
Bala_regression_dataset,Tolerance_Factor,0.5,fill_with_dt,0.005722536521720432,0.0021621212121212046,0.004998445510864258
Bala_regression_dataset,Tolerance_Factor,0.4,fill_with_et,0.004647481618707641,0.0017827924528300335,0.0690009593963623
Bala_regression_dataset,Tolerance_Factor,0.4,fill_with_ridge,0.007944286594688755,0.003124325420708739,0.006000041961669922
Bala_regression_dataset,Tolerance_Factor,0.4,fill_with_xgb,0.005116855744165881,0.0020298544523850975,0.026460647583007812
Bala_regression_dataset,Tolerance_Factor,0.4,fill_with_lgb,0.007181233219591319,0.00332489868482696,0.020003318786621094
Bala_regression_dataset,Tolerance_Factor,0.4,fill_with_gbr,0.004709886971408685,0.0015556952849754956,0.04060077667236328
Bala_regression_dataset,Tolerance_Factor,0.4,fill_with_rf,0.004940075077727249,0.0018608301886791432,0.07200217247009277
Bala_regression_dataset,Tolerance_Factor,0.4,fill_with_dt,0.006138941584148271,0.002254716981132087,0.005032539367675781
Bala_regression_dataset,Tolerance_Factor,0.30000000000000004,fill_with_et,0.004068499880176978,0.0013100749999999052,0.0840003490447998
Bala_regression_dataset,Tolerance_Factor,0.30000000000000004,fill_with_ridge,0.006987154494143111,0.0024956260092956206,0.00600123405456543
Bala_regression_dataset,Tolerance_Factor,0.30000000000000004,fill_with_xgb,0.004048432910504723,0.00149476289033888,0.019001245498657227
Bala_regression_dataset,Tolerance_Factor,0.30000000000000004,fill_with_lgb,0.006018200510509432,0.002689079920733328,0.016951799392700195
Bala_regression_dataset,Tolerance_Factor,0.30000000000000004,fill_with_gbr,0.003409702322856846,0.0013499174753789146,0.036000967025756836
Bala_regression_dataset,Tolerance_Factor,0.30000000000000004,fill_with_rf,0.004282995152343791,0.0020072249999999402,0.07703447341918945
Bala_regression_dataset,Tolerance_Factor,0.30000000000000004,fill_with_dt,0.006298610957981126,0.001979999999999998,0.008999824523925781
Bala_regression_dataset,Tolerance_Factor,0.2,fill_with_et,0.004320387015249673,0.0015554999999999662,0.05795931816101074
Bala_regression_dataset,Tolerance_Factor,0.2,fill_with_ridge,0.00549924348897855,0.0029227297112503535,0.005994319915771484
Bala_regression_dataset,Tolerance_Factor,0.2,fill_with_xgb,0.004602807599571091,0.001960617766013494,0.01800227165222168
Bala_regression_dataset,Tolerance_Factor,0.2,fill_with_lgb,0.005263170074824885,0.002561601711517946,0.01600193977355957
Bala_regression_dataset,Tolerance_Factor,0.2,fill_with_gbr,0.003913598171326363,0.001137144488068671,0.038016557693481445
Bala_regression_dataset,Tolerance_Factor,0.2,fill_with_rf,0.004190030755348662,0.0015948846153843474,0.0760350227355957
Bala_regression_dataset,Tolerance_Factor,0.2,fill_with_dt,0.006158952208589711,0.0022576923076923277,0.004994630813598633
Bala_regression_dataset,Tolerance_Factor,0.1,fill_with_et,0.005030587157961353,0.002370846153846256,0.08399224281311035
Bala_regression_dataset,Tolerance_Factor,0.1,fill_with_ridge,0.006737763952569402,0.004924078628300055,0.007004737854003906
Bala_regression_dataset,Tolerance_Factor,0.1,fill_with_xgb,0.004517701700334206,0.0022444865446824215,0.03048110008239746
Bala_regression_dataset,Tolerance_Factor,0.1,fill_with_lgb,0.00394362597012679,0.0029367173991322517,0.01596999168395996
Bala_regression_dataset,Tolerance_Factor,0.1,fill_with_gbr,0.003786552057671981,0.0029553795760115433,0.03899693489074707
Bala_regression_dataset,Tolerance_Factor,0.1,fill_with_rf,0.0045821368797336,0.002209923076923129,0.07303714752197266
Bala_regression_dataset,Tolerance_Factor,0.1,fill_with_dt,0.007924062672062165,0.0035692307692307607,0.004999399185180664
Bala_regression_dataset,xPT,0.9,fill_with_et,0.04490183597526495,0.021659663865546238,0.06903433799743652
Bala_regression_dataset,xPT,0.9,fill_with_ridge,0.1460894024104743,0.10869672782389561,0.006002902984619141
Bala_regression_dataset,xPT,0.9,fill_with_xgb,0.060527489553153235,0.03760485080109924,0.01999950408935547
Bala_regression_dataset,xPT,0.9,fill_with_lgb,0.18750472951720237,0.1442792508497343,0.02151179313659668
Bala_regression_dataset,xPT,0.9,fill_with_gbr,0.06660010976322941,0.030720015123692185,0.0290372371673584
Bala_regression_dataset,xPT,0.9,fill_with_rf,0.0694718333589385,0.03889411764705895,0.06421780586242676
Bala_regression_dataset,xPT,0.9,fill_with_dt,0.0660913551600416,0.03630252100840336,0.0049991607666015625
Bala_regression_dataset,xPT,0.8,fill_with_et,0.04436215453195427,0.014526415094339579,0.05800056457519531
Bala_regression_dataset,xPT,0.8,fill_with_ridge,0.11883156758947987,0.07990040272242083,0.011004209518432617
Bala_regression_dataset,xPT,0.8,fill_with_xgb,0.04311388438419744,0.014883433782829419,0.02800130844116211
Bala_regression_dataset,xPT,0.8,fill_with_lgb,0.1766945658734652,0.14055152383874914,0.012969970703125
Bala_regression_dataset,xPT,0.8,fill_with_gbr,0.04469710232477184,0.019130625831205512,0.03200173377990723
Bala_regression_dataset,xPT,0.8,fill_with_rf,0.0501459059823677,0.02062075471698125,0.06403756141662598
Bala_regression_dataset,xPT,0.8,fill_with_dt,0.04884515387020264,0.0159433962264151,0.004999637603759766
Bala_regression_dataset,xPT,0.7000000000000001,fill_with_et,0.01476014757791186,0.008710869565217445,0.060999393463134766
Bala_regression_dataset,xPT,0.7000000000000001,fill_with_ridge,0.07091745160579194,0.05691855596005646,0.009953737258911133
Bala_regression_dataset,xPT,0.7000000000000001,fill_with_xgb,0.019793113884550115,0.009184704552526051,0.032965660095214844
Bala_regression_dataset,xPT,0.7000000000000001,fill_with_lgb,0.164873757740182,0.13410326085903723,0.015000343322753906
Bala_regression_dataset,xPT,0.7000000000000001,fill_with_gbr,0.02083501245441431,0.007825849250661212,0.031966209411621094
Bala_regression_dataset,xPT,0.7000000000000001,fill_with_rf,0.01746258111306666,0.010617391304347724,0.06303763389587402
Bala_regression_dataset,xPT,0.7000000000000001,fill_with_dt,0.033975694637298534,0.012608695652173929,0.004997730255126953
Bala_regression_dataset,xPT,0.6000000000000001,fill_with_et,0.014592437784905135,0.005989873417721699,0.07099580764770508
Bala_regression_dataset,xPT,0.6000000000000001,fill_with_ridge,0.0703736853655447,0.053629388326265195,0.009000301361083984
Bala_regression_dataset,xPT,0.6000000000000001,fill_with_xgb,0.016214751898870342,0.004807395610628243,0.024001121520996094
Bala_regression_dataset,xPT,0.6000000000000001,fill_with_lgb,0.08542147854848048,0.050549566521609024,0.014971256256103516
Bala_regression_dataset,xPT,0.6000000000000001,fill_with_gbr,0.019022544640735894,0.005284614779240191,0.03300118446350098
Bala_regression_dataset,xPT,0.6000000000000001,fill_with_rf,0.02202647141595703,0.008672151898734116,0.06662392616271973
Bala_regression_dataset,xPT,0.6000000000000001,fill_with_dt,0.028684225806644707,0.006835443037974702,0.005049228668212891
Bala_regression_dataset,xPT,0.5,fill_with_et,0.009199431800635396,0.004783333333333091,0.05999636650085449
Bala_regression_dataset,xPT,0.5,fill_with_ridge,0.061430079941102285,0.05190064910912068,0.01300048828125
Bala_regression_dataset,xPT,0.5,fill_with_xgb,0.020113145110031795,0.007613985014684268,0.017001867294311523
Bala_regression_dataset,xPT,0.5,fill_with_lgb,0.07582620533891332,0.0421572015326188,0.013964176177978516
Bala_regression_dataset,xPT,0.5,fill_with_gbr,0.018950043343000468,0.005364908799656468,0.037996530532836914
Bala_regression_dataset,xPT,0.5,fill_with_rf,0.019626107380453405,0.010583333333333275,0.07210016250610352
Bala_regression_dataset,xPT,0.5,fill_with_dt,0.033956299901937236,0.007121212121212133,0.008999824523925781
Bala_regression_dataset,xPT,0.4,fill_with_et,0.0049001155165435545,0.002794339622641637,0.06900906562805176
Bala_regression_dataset,xPT,0.4,fill_with_ridge,0.048402655334969055,0.03928635730786799,0.009994029998779297
Bala_regression_dataset,xPT,0.4,fill_with_xgb,0.013910681633839295,0.004518656618190262,0.029001951217651367
Bala_regression_dataset,xPT,0.4,fill_with_lgb,0.05720373819907399,0.03224303313268484,0.014963865280151367
Bala_regression_dataset,xPT,0.4,fill_with_gbr,0.012592781948484073,0.003449197048534824,0.03502511978149414
Bala_regression_dataset,xPT,0.4,fill_with_rf,0.010653053420020457,0.005501886792452819,0.06900811195373535
Bala_regression_dataset,xPT,0.4,fill_with_dt,0.0144064974859027,0.004905660377358519,0.00599980354309082
Bala_regression_dataset,xPT,0.30000000000000004,fill_with_et,0.039309598064594775,0.010650000000000437,0.05099916458129883
Bala_regression_dataset,xPT,0.30000000000000004,fill_with_ridge,0.062435782714719244,0.04537023403785272,0.012001276016235352
Bala_regression_dataset,xPT,0.30000000000000004,fill_with_xgb,0.0382263093435167,0.010450507223606118,0.021998882293701172
Bala_regression_dataset,xPT,0.30000000000000004,fill_with_lgb,0.07702585435634551,0.036661256063799406,0.01796746253967285
Bala_regression_dataset,xPT,0.30000000000000004,fill_with_gbr,0.03825687773021983,0.010939009977253963,0.04002046585083008
Bala_regression_dataset,xPT,0.30000000000000004,fill_with_rf,0.04561657319439937,0.014382500000000211,0.06698918342590332
Bala_regression_dataset,xPT,0.30000000000000004,fill_with_dt,0.04177319714841084,0.013500000000000036,0.005036354064941406
Bala_regression_dataset,xPT,0.2,fill_with_et,0.020419184041559388,0.0065846153846154725,0.08502793312072754
Bala_regression_dataset,xPT,0.2,fill_with_ridge,0.06238128808998784,0.04723298201293142,0.010996580123901367
Bala_regression_dataset,xPT,0.2,fill_with_xgb,0.020470507214148396,0.006296357145676242,0.01900458335876465
Bala_regression_dataset,xPT,0.2,fill_with_lgb,0.07769103840908544,0.04161556569987175,0.01696944236755371
Bala_regression_dataset,xPT,0.2,fill_with_gbr,0.024524269128969465,0.009014498537563217,0.03800201416015625
Bala_regression_dataset,xPT,0.2,fill_with_rf,0.03397123217348192,0.013676923076923472,0.0780341625213623
Bala_regression_dataset,xPT,0.2,fill_with_dt,0.022013981571160284,0.008461538461538503,0.004998683929443359
Bala_regression_dataset,xPT,0.1,fill_with_et,0.0020463851806766073,0.0011076923076928605,0.052995920181274414
Bala_regression_dataset,xPT,0.1,fill_with_ridge,0.031676144191071016,0.02529497724256301,0.010998010635375977
Bala_regression_dataset,xPT,0.1,fill_with_xgb,0.0029897787081192354,0.0011761747873746482,0.02700185775756836
Bala_regression_dataset,xPT,0.1,fill_with_lgb,0.038924172372316476,0.026037513733760186,0.018965959548950195
Bala_regression_dataset,xPT,0.1,fill_with_gbr,0.0027053157724562303,0.000908415897246841,0.04002881050109863
Bala_regression_dataset,xPT,0.1,fill_with_rf,0.00431945509383897,0.002500000000000062,0.07214713096618652
Bala_regression_dataset,xPT,0.1,fill_with_dt,0.0027735009811261173,0.0007692307692308213,0.00500178337097168
Bala_regression_dataset,xBi(Me1Me2)O3,0.9,fill_with_et,0.04065283538955287,0.021987394957983228,0.060036420822143555
Bala_regression_dataset,xBi(Me1Me2)O3,0.9,fill_with_ridge,0.10781080155924895,0.08981688221136302,0.011998653411865234
Bala_regression_dataset,xBi(Me1Me2)O3,0.9,fill_with_xgb,0.06418484534023199,0.04050834733898899,0.026000261306762695
Bala_regression_dataset,xBi(Me1Me2)O3,0.9,fill_with_lgb,0.1789836736035632,0.14920491415084985,0.01299905776977539
Bala_regression_dataset,xBi(Me1Me2)O3,0.9,fill_with_gbr,0.06354173425345606,0.029032854322595492,0.036956787109375
Bala_regression_dataset,xBi(Me1Me2)O3,0.9,fill_with_rf,0.05862117164221376,0.028232773109243756,0.06197786331176758
Bala_regression_dataset,xBi(Me1Me2)O3,0.9,fill_with_dt,0.06970526184881427,0.033445378151260516,0.007035493850708008
Bala_regression_dataset,xBi(Me1Me2)O3,0.8,fill_with_et,0.017781740157219356,0.009231132075471656,0.07999658584594727
Bala_regression_dataset,xBi(Me1Me2)O3,0.8,fill_with_ridge,0.09034543899109156,0.0738778857313212,0.011004924774169922
Bala_regression_dataset,xBi(Me1Me2)O3,0.8,fill_with_xgb,0.01984270396790233,0.009045241274431626,0.03200554847717285
Bala_regression_dataset,xBi(Me1Me2)O3,0.8,fill_with_lgb,0.17082212114636466,0.13958635713542838,0.018004894256591797
Bala_regression_dataset,xBi(Me1Me2)O3,0.8,fill_with_gbr,0.022771064216986856,0.010629454342459415,0.03500866889953613
Bala_regression_dataset,xBi(Me1Me2)O3,0.8,fill_with_rf,0.02743554023387419,0.013515094339622613,0.06299638748168945
Bala_regression_dataset,xBi(Me1Me2)O3,0.8,fill_with_dt,0.03860784943163564,0.013396226415094336,0.004992485046386719
Bala_regression_dataset,xBi(Me1Me2)O3,0.7000000000000001,fill_with_et,0.04162972260714471,0.013368478260869548,0.06907796859741211
Bala_regression_dataset,xBi(Me1Me2)O3,0.7000000000000001,fill_with_ridge,0.09435177671342057,0.07024295926390961,0.010995864868164062
Bala_regression_dataset,xBi(Me1Me2)O3,0.7000000000000001,fill_with_xgb,0.04105646336702691,0.010951275601983073,0.03000164031982422
Bala_regression_dataset,xBi(Me1Me2)O3,0.7000000000000001,fill_with_lgb,0.10990293135930178,0.07540250937006059,0.017966747283935547
Bala_regression_dataset,xBi(Me1Me2)O3,0.7000000000000001,fill_with_gbr,0.041759134389071514,0.01204645074524777,0.03200340270996094
Bala_regression_dataset,xBi(Me1Me2)O3,0.7000000000000001,fill_with_rf,0.04511292353156917,0.017328260869565126,0.06303286552429199
Bala_regression_dataset,xBi(Me1Me2)O3,0.7000000000000001,fill_with_dt,0.04187195803357204,0.012065217391304355,0.004998445510864258
Bala_regression_dataset,xBi(Me1Me2)O3,0.6000000000000001,fill_with_et,0.04316622126417638,0.010472151898734171,0.07200050354003906
Bala_regression_dataset,xBi(Me1Me2)O3,0.6000000000000001,fill_with_ridge,0.09306003771774747,0.06322033729964746,0.007993936538696289
Bala_regression_dataset,xBi(Me1Me2)O3,0.6000000000000001,fill_with_xgb,0.04254615777545496,0.01009963455609977,0.01999831199645996
Bala_regression_dataset,xBi(Me1Me2)O3,0.6000000000000001,fill_with_lgb,0.10348809580048947,0.05110040602098588,0.016968965530395508
Bala_regression_dataset,xBi(Me1Me2)O3,0.6000000000000001,fill_with_gbr,0.042354064992817936,0.009508921464371073,0.03401470184326172
Bala_regression_dataset,xBi(Me1Me2)O3,0.6000000000000001,fill_with_rf,0.04891745954259331,0.01439873417721519,0.06968426704406738
Bala_regression_dataset,xBi(Me1Me2)O3,0.6000000000000001,fill_with_dt,0.04335604727651079,0.011265822784810125,0.004998207092285156
Bala_regression_dataset,xBi(Me1Me2)O3,0.5,fill_with_et,0.014314296731208601,0.005421212121212139,0.04799962043762207
Bala_regression_dataset,xBi(Me1Me2)O3,0.5,fill_with_ridge,0.050881275541001275,0.04143833864166158,0.007955789566040039
Bala_regression_dataset,xBi(Me1Me2)O3,0.5,fill_with_xgb,0.015672252700575845,0.005965294878167859,0.027999162673950195
Bala_regression_dataset,xBi(Me1Me2)O3,0.5,fill_with_lgb,0.06251428354706852,0.03830405929610367,0.017001867294311523
Bala_regression_dataset,xBi(Me1Me2)O3,0.5,fill_with_gbr,0.016475877212640704,0.0052489222192143165,0.03499937057495117
Bala_regression_dataset,xBi(Me1Me2)O3,0.5,fill_with_rf,0.01223576476538912,0.007196969696969681,0.07105040550231934
Bala_regression_dataset,xBi(Me1Me2)O3,0.5,fill_with_dt,0.05171307788405584,0.008939393939393945,0.007998466491699219
Bala_regression_dataset,xBi(Me1Me2)O3,0.4,fill_with_et,0.014400321013193614,0.004345283018868064,0.06699514389038086
Bala_regression_dataset,xBi(Me1Me2)O3,0.4,fill_with_ridge,0.05223625645274578,0.038949373888582786,0.005999326705932617
Bala_regression_dataset,xBi(Me1Me2)O3,0.4,fill_with_xgb,0.021003715779972232,0.0075466516278772005,0.027997732162475586
Bala_regression_dataset,xBi(Me1Me2)O3,0.4,fill_with_lgb,0.06479020494285277,0.03334833110865916,0.016970396041870117
Bala_regression_dataset,xBi(Me1Me2)O3,0.4,fill_with_gbr,0.01561243360302027,0.005449158834894531,0.03755307197570801
Bala_regression_dataset,xBi(Me1Me2)O3,0.4,fill_with_rf,0.026682143700475697,0.00873018867924533,0.06603717803955078
Bala_regression_dataset,xBi(Me1Me2)O3,0.4,fill_with_dt,0.022148725420119524,0.007924528301886799,0.005000114440917969
Bala_regression_dataset,xBi(Me1Me2)O3,0.30000000000000004,fill_with_et,0.005927499472796264,0.0034225000000000544,0.07099556922912598
Bala_regression_dataset,xBi(Me1Me2)O3,0.30000000000000004,fill_with_ridge,0.03845125302455705,0.03173605464249327,0.008002042770385742
Bala_regression_dataset,xBi(Me1Me2)O3,0.30000000000000004,fill_with_xgb,0.006802768899640075,0.0033580794188892453,0.028999805450439453
Bala_regression_dataset,xBi(Me1Me2)O3,0.30000000000000004,fill_with_lgb,0.049498970651487006,0.029067390157551158,0.015966415405273438
Bala_regression_dataset,xBi(Me1Me2)O3,0.30000000000000004,fill_with_gbr,0.005530850546588992,0.0019307744625317097,0.039000511169433594
Bala_regression_dataset,xBi(Me1Me2)O3,0.30000000000000004,fill_with_rf,0.0069845364914215636,0.00505250000000001,0.0670018196105957
Bala_regression_dataset,xBi(Me1Me2)O3,0.30000000000000004,fill_with_dt,0.009999999999999997,0.005000000000000006,0.005000114440917969
Bala_regression_dataset,xBi(Me1Me2)O3,0.2,fill_with_et,0.0033187694661169624,0.0017961538461537508,0.07549715042114258
Bala_regression_dataset,xBi(Me1Me2)O3,0.2,fill_with_ridge,0.02935110935711,0.024533850522840288,0.011000871658325195
Bala_regression_dataset,xBi(Me1Me2)O3,0.2,fill_with_xgb,0.006768882565398329,0.0023338719170827166,0.030993938446044922
Bala_regression_dataset,xBi(Me1Me2)O3,0.2,fill_with_lgb,0.0259268186650903,0.016246299994859943,0.0179750919342041
Bala_regression_dataset,xBi(Me1Me2)O3,0.2,fill_with_gbr,0.004806376446922111,0.0015563125695704039,0.036006927490234375
Bala_regression_dataset,xBi(Me1Me2)O3,0.2,fill_with_rf,0.004713972683580007,0.0024461538461538375,0.06870794296264648
Bala_regression_dataset,xBi(Me1Me2)O3,0.2,fill_with_dt,0.009805806756909206,0.003461538461538477,0.004999876022338867
Bala_regression_dataset,xBi(Me1Me2)O3,0.1,fill_with_et,0.007664302868594189,0.0038615384615386184,0.0729975700378418
Bala_regression_dataset,xBi(Me1Me2)O3,0.1,fill_with_ridge,0.04654936750650746,0.04166598469157102,0.010002374649047852
Bala_regression_dataset,xBi(Me1Me2)O3,0.1,fill_with_xgb,0.0010314038304104819,0.0006255270655338571,0.018997669219970703
Bala_regression_dataset,xBi(Me1Me2)O3,0.1,fill_with_lgb,0.01933413905361069,0.015079890860835669,0.01696610450744629
Bala_regression_dataset,xBi(Me1Me2)O3,0.1,fill_with_gbr,0.00017012830463405498,0.00012077145195148344,0.038996219635009766
Bala_regression_dataset,xBi(Me1Me2)O3,0.1,fill_with_rf,0.010562997826229338,0.0063692307692308735,0.07303643226623535
Bala_regression_dataset,xBi(Me1Me2)O3,0.1,fill_with_dt,0.027873339895374515,0.008461538461538461,0.005000114440917969
