Compound,A,B,In literature,Lowest distortion,v(A),v(B),r(AXII)(Å),r(AVI)(Å),r(BVI)(Å),EN(A),EN(B),l(A-O)(Å),l(B-O)(Å),ΔENR,tG,τ,μ
AgBiO3,Ag,Bi,FALSE,rhombohedral,1,5,1.28,0.95,0.76,1.93,2.02,2.76145322,2.215655462,-5.296571429,0.877336191,4.072913752,0.542857143
AgMoO3,Ag,Mo,FALSE,cubic,1,5,1.28,0.95,0.61,1.93,2.16,2.76145322,1.7893,-5.083428571,0.942809042,4.126280155,0.435714286
AgNbO3,Ag,Nb,TRUE,rhombohedral,1,5,1.28,0.95,0.64,1.93,1.6,2.76145322,1.955055241,-5.366857143,0.928944203,4.072890082,0.457142857
AgReO3,Ag,Re,FALSE,cubic,1,5,1.28,0.95,0.58,1.93,1.9,2.76145322,1.98797081,-5.163714286,0.957094027,4.201731568,0.414285714
AgSbO3,Ag,Sb,TRUE,orthorhombic,1,5,1.28,0.95,0.6,1.93,2.05,2.76145322,2.075848892,-5.121428571,0.947523087,4.148924717,0.428571429
AgTaO3,Ag,Ta,TRUE,rhombohedral,1,5,1.28,0.95,0.64,1.93,1.5,2.76145322,1.956808277,-5.412571429,0.928944203,4.072890082,0.457142857
AgUO3,Ag,U,FALSE,rhombohedral,1,5,1.28,0.95,0.76,1.93,1.38,2.76145322,2.0478,-5.644,0.877336191,4.072913752,0.542857143
AgWO3,Ag,W,FALSE,cubic,1,5,1.28,0.95,0.62,1.93,2.36,2.76145322,1.7456,-5.004,0.93814167,4.106081989,0.442857143
BaCeO3,Ba,Ce,TRUE,orthorhombic,2,4,1.61,1.35,0.87,0.89,1.12,2.942998888,2.268642439,-8.330214286,0.937617362,3.622472408,0.621428571
BaFeO3,Ba,Fe,FALSE,cubic,2,4,1.61,1.35,0.59,0.89,1.83,2.942998888,1.999521816,-7.567,1.069543423,3.809485555,0.421428571
BaHfO3,Ba,Hf,TRUE,cubic,2,4,1.61,1.35,0.71,0.89,1.3,2.942998888,2.027412322,-7.973785714,1.008716309,3.511192926,0.507142857
BaIrO3,Ba,Ir,FALSE,orthorhombic,2,4,1.61,1.35,0.63,0.89,2.2,2.942998888,2.009082787,-7.4465,1.048468676,3.669602059,0.45
BaMoO3,Ba,Mo,TRUE,cubic,2,4,1.61,1.35,0.65,0.89,2.16,2.942998888,1.7893,-7.482785714,1.038239713,3.615536105,0.464285714
BaNbO3,Ba,Nb,TRUE,cubic,2,4,1.61,1.35,0.68,0.89,1.6,2.942998888,1.955055241,-7.782214286,1.023265102,3.552862825,0.485714286
BaPbO3,Ba,Pb,TRUE,orthorhombic,2,4,1.61,1.35,0.78,0.89,2.33,2.942998888,2.362863567,-7.506928571,0.976326335,3.49134005,0.557142857
BaPdO3,Ba,Pd,FALSE,orthorhombic,2,4,1.61,1.35,0.62,0.89,2.2,2.942998888,2.04250519,-7.437642857,1.053659115,3.700495376,0.442857143
BaPrO3,Ba,Pr,TRUE,orthorhombic,2,4,1.61,1.35,0.85,0.89,1.13,2.942998888,2.340791612,-8.291,0.945951738,3.577731009,0.607142857
BaReO3,Ba,Re,FALSE,cubic,2,4,1.61,1.35,0.63,0.89,1.9,2.942998888,1.98797081,-7.5815,1.048468676,3.669602059,0.45
BaRhO3,Ba,Rh,FALSE,orthorhombic,2,4,1.61,1.35,0.6,0.89,2.28,2.942998888,2.001424352,-7.385642857,1.064195706,3.770356148,0.428571429
BaRuO3,Ba,Ru,FALSE,cubic,2,4,1.61,1.35,0.62,0.89,2.2,2.942998888,2.018753288,-7.437642857,1.053659115,3.700495376,0.442857143
BaSnO3,Ba,Sn,TRUE,cubic,2,4,1.61,1.35,0.69,0.89,1.96,2.942998888,2.052287148,-7.617928571,1.018369096,3.536690513,0.492857143
BaTaO3,Ba,Ta,FALSE,cubic,2,4,1.61,1.35,0.68,0.89,1.5,2.942998888,1.956808277,-7.830785714,1.023265102,3.552862825,0.485714286
BaTbO3,Ba,Tb,TRUE,orthorhombic,2,4,1.61,1.35,0.76,0.89,1.2,2.942998888,2.256932729,-8.1045,0.985366394,3.48617832,0.542857143
BaTeO3,Ba,Te,FALSE,tetragonal,2,4,1.61,1.35,0.97,0.89,2.1,2.942998888,2.115491508,-7.816928571,0.898055448,3.994771156,0.692857143
BaThO3,Ba,Th,TRUE,orthorhombic,2,4,1.61,1.35,0.94,0.89,1.3,2.942998888,2.246056043,-8.325357143,0.909568979,3.855224762,0.671428571
BaTiO3,Ba,Ti,TRUE,tetragonal,2,4,1.61,1.35,0.61,0.89,1.54,2.942998888,1.927848949,-7.716357143,1.0589012,3.734054282,0.435714286
BaUO3,Ba,U,TRUE,orthorhombic,2,4,1.61,1.35,0.89,0.89,1.38,2.942998888,2.0478,-8.198071429,0.929428564,3.67656419,0.635714286
BaVO3,Ba,V,FALSE,orthorhombic,2,4,1.61,1.35,0.58,0.89,1.63,2.942998888,1.758039163,-7.638357143,1.074945157,3.85153481,0.414285714
BaWO3,Ba,W,FALSE,cubic,2,4,1.61,1.35,0.66,0.89,2.36,2.942998888,1.7456,-7.397642857,1.033199714,3.592240932,0.471428571
BaZrO3,Ba,Zr,TRUE,cubic,2,4,1.61,1.35,0.72,0.89,1.33,2.942998888,2.043777903,-7.973642857,1.003958213,3.501807034,0.514285714
BiAgO3,Bi,Ag,FALSE,orthorhombic,3,3,1.38,0.9,0.75,2.02,1.93,2.514401896,2.488353231,-5.5995,0.914305512,1.919326011,0.535714286
BiAsO3,Bi,As,FALSE,orthorhombic,3,3,1.38,0.9,0.58,2.02,2.18,2.514401896,1.932227032,-5.312571429,0.992806491,1.64849907,0.414285714
BiCeO3,Bi,Ce,FALSE,cubic,2,4,1.38,0.9,0.87,2.02,1.12,2.514401896,2.268642439,-6.232285714,0.865972181,4.485632554,0.621428571
BiCoO3,Bi,Co,FALSE,orthorhombic,3,3,1.38,0.9,0.61,2.02,1.88,2.514401896,1.930310969,-5.470285714,0.977988483,1.608473689,0.435714286
BiCrO3,Bi,Cr,FALSE,orthorhombic,3,3,1.38,0.9,0.62,2.02,1.66,2.514401896,1.960053288,-5.578857143,0.973146956,1.603594181,0.442857143
BiDyO3,Bi,Dy,FALSE,cubic,3,3,1.38,0.9,0.91,2.02,1.22,2.514401896,2.255580699,-6.233571429,0.850976992,3.464288034,0.65
BiErO3,Bi,Er,FALSE,cubic,3,3,1.38,0.9,0.89,2.02,1.24,2.514401896,2.250676638,-6.189142857,0.858409106,3.178372872,0.635714286
BiEuO3,Bi,Eu,FALSE,orthorhombic,3,3,1.38,0.9,0.95,2.02,1.2,2.514401896,2.354367494,-6.310571429,0.836492277,4.145257838,0.678571429
BiFeO3,Bi,Fe,TRUE,orthorhombic,3,3,1.38,0.9,0.65,2.02,1.83,2.514401896,1.999521816,-5.538071429,0.958905781,1.613820779,0.464285714
BiGaO3,Bi,Ga,FALSE,tetragonal,3,3,1.38,0.9,0.62,2.02,1.81,2.514401896,1.974643898,-5.512428571,0.973146956,1.603594181,0.442857143
BiHfO3,Bi,Hf,FALSE,orthorhombic,2,4,1.38,0.9,0.71,2.02,1.3,2.514401896,2.027412322,-5.875857143,0.931638318,3.821179691,0.507142857
BiHoO3,Bi,Ho,FALSE,cubic,3,3,1.38,0.9,0.9,2.02,1.23,2.514401896,2.25865608,-6.211285714,0.854676892,3.317198813,0.642857143
BiInO3,Bi,In,TRUE,orthorhombic,3,3,1.38,0.9,0.8,2.02,1.78,2.514401896,2.147680955,-5.739142857,0.893525842,2.241458642,0.571428571
BiIrO3,Bi,Ir,FALSE,cubic,2,4,1.38,0.9,0.63,2.02,2.2,2.514401896,2.009082787,-5.348571429,0.968353129,3.809323939,0.45
BiLuO3,Bi,Lu,FALSE,orthorhombic,3,3,1.38,0.9,0.86,2.02,1.27,2.514401896,2.209114963,-6.123571429,0.869803917,2.807413114,0.614285714
BiMnO3,Bi,Mn,TRUE,orthorhombic,3,3,1.38,0.9,0.65,2.02,1.55,2.514401896,2.16999357,-5.668071429,0.958905781,1.613820779,0.464285714
BiMoO3,Bi,Mo,FALSE,orthorhombic,3,3,1.38,0.9,0.69,2.02,2.16,2.514401896,1.7893,-5.421428571,0.940553518,1.685155753,0.492857143
BiNbO3,Bi,Nb,FALSE,orthorhombic,1,5,1.38,0.9,0.64,2.02,1.6,2.514401896,1.955055241,-5.631714286,0.9636063,3.993763013,0.457142857
BiNiO3,Bi,Ni,FALSE,orthorhombic,3,3,1.38,0.9,0.6,2.02,1.91,2.514401896,2.103725488,-5.446285714,0.982878426,1.617550435,0.428571429
BiPbO3,Bi,Pb,FALSE,orthorhombic,2,4,1.38,0.9,0.78,2.02,2.33,2.514401896,2.362863567,-5.409,0.901723326,3.996770709,0.557142857
BiPdO3,Bi,Pd,FALSE,orthorhombic,2,4,1.38,0.9,0.62,2.02,2.2,2.514401896,2.04250519,-5.339714286,0.973146956,3.82175096,0.442857143
BiPrO3,Bi,Pr,FALSE,cubic,2,4,1.38,0.9,0.85,2.02,1.13,2.514401896,2.340791612,-6.193071429,0.873669712,4.347518069,0.607142857
BiReO3,Bi,Re,FALSE,cubic,1,5,1.38,0.9,0.58,2.02,1.9,2.514401896,1.98797081,-5.428571429,0.992806491,4.158695092,0.414285714
BiRhO3,Bi,Rh,FALSE,orthorhombic,3,3,1.38,0.9,0.67,2.02,2.28,2.514401896,2.001424352,-5.345714286,0.949640991,1.641223191,0.478571429
BiRuO3,Bi,Ru,FALSE,orthorhombic,2,4,1.38,0.9,0.62,2.02,2.2,2.514401896,2.018753288,-5.339714286,0.973146956,3.82175096,0.442857143
BiSbO3,Bi,Sb,FALSE,orthorhombic,3,3,1.38,0.9,0.76,2.02,2.05,2.514401896,2.075848892,-5.545142857,0.910072617,1.974012444,0.542857143
BiScO3,Bi,Sc,TRUE,orthorhombic,3,3,1.38,0.9,0.75,2.02,1.36,2.514401896,2.074614707,-5.904857143,0.914305512,1.919326011,0.535714286
BiSnO3,Bi,Sn,FALSE,orthorhombic,2,4,1.38,0.9,0.69,2.02,1.96,2.514401896,2.052287148,-5.52,0.940553518,3.799765671,0.492857143
BiTaO3,Bi,Ta,FALSE,orthorhombic,1,5,1.38,0.9,0.64,2.02,1.5,2.514401896,1.956808277,-5.677428571,0.9636063,3.993763013,0.457142857
BiTbO3,Bi,Tb,FALSE,cubic,2,4,1.38,0.9,0.76,2.02,1.2,2.514401896,2.256932729,-6.006571429,0.910072617,3.930043384,0.542857143
BiTeO3,Bi,Te,FALSE,cubic,2,4,1.38,0.9,0.97,2.02,2.1,2.514401896,2.115491508,-5.719,0.829433271,5.514266744,0.692857143
BiThO3,Bi,Th,FALSE,cubic,2,4,1.38,0.9,0.94,2.02,1.3,2.514401896,2.246056043,-6.227428571,0.840067031,5.136456719,0.671428571
BiTiO3,Bi,Ti,FALSE,rhombohedral,2,4,1.38,0.9,0.61,2.02,1.54,2.514401896,1.927848949,-5.618428571,0.977988483,3.837343115,0.435714286
BiTlO3,Bi,Tl,FALSE,orthorhombic,3,3,1.38,0.9,0.89,2.02,1.62,2.514401896,2.297683747,-5.947571429,0.858409106,3.178372872,0.635714286
BiTmO3,Bi,Tm,FALSE,cubic,3,3,1.38,0.9,0.88,2.02,1.25,2.514401896,2.119700811,-6.167142857,0.862174058,3.04738619,0.628571429
BiUO3,Bi,U,FALSE,cubic,2,4,1.38,0.9,0.89,2.02,1.38,2.514401896,2.0478,-6.100142857,0.858409106,4.643259817,0.635714286
BiVO3,Bi,V,FALSE,orthorhombic,3,3,1.38,0.9,0.64,2.02,1.63,2.514401896,1.758039163,-5.618,0.9636063,1.606289039,0.457142857
BiWO3,Bi,W,FALSE,cubic,2,4,1.38,0.9,0.66,2.02,2.36,2.514401896,1.7456,-5.299714286,0.954250899,3.790713441,0.471428571
BiYO3,Bi,Y,FALSE,cubic,3,3,1.38,0.9,0.9,2.02,1.22,2.514401896,2.235124352,-6.217714286,0.854676892,3.317198813,0.642857143
BiYbO3,Bi,Yb,FALSE,cubic,3,3,1.38,0.9,0.87,2.02,1.1,2.514401896,2.223980699,-6.244714286,0.865972181,2.923851129,0.621428571
BiZrO3,Bi,Zr,FALSE,orthorhombic,2,4,1.38,0.9,0.72,2.02,1.33,2.514401896,2.043777903,-5.875714286,0.927243798,3.836554182,0.514285714
CaCeO3,Ca,Ce,FALSE,cubic,2,4,1.34,1,0.87,1,1.12,2.648077507,2.268642439,-7.069714286,0.85351215,4.741017178,0.621428571
CaFeO3,Ca,Fe,FALSE,rhombohedral,2,4,1.34,1,0.59,1,1.83,2.648077507,1.999521816,-6.3065,0.973604312,3.910318678,0.421428571
CaHfO3,Ca,Hf,TRUE,orthorhombic,2,4,1.34,1,0.71,1,1.3,2.648077507,2.027412322,-6.713285714,0.91823345,3.914661683,0.507142857
CaIrO3,Ca,Ir,TRUE,orthorhombic,2,4,1.34,1,0.63,1,2.2,2.648077507,2.009082787,-6.186,0.95441999,3.85881909,0.45
CaMoO3,Ca,Mo,TRUE,orthorhombic,2,4,1.34,1,0.65,1,2.16,2.648077507,1.7893,-6.222285714,0.945108576,3.853013344,0.464285714
CaNbO3,Ca,Nb,TRUE,orthorhombic,2,4,1.34,1,0.68,1,1.6,2.648077507,1.955055241,-6.521714286,0.931477202,3.868922301,0.485714286
CaPbO3,Ca,Pb,TRUE,orthorhombic,2,4,1.34,1,0.78,1,2.33,2.648077507,2.362863567,-6.246428571,0.88874889,4.144346517,0.557142857
CaPdO3,Ca,Pd,FALSE,orthorhombic,2,4,1.34,1,0.62,1,2.2,2.648077507,2.04250519,-6.177142857,0.959144842,3.866667442,0.442857143
CaPrO3,Ca,Pr,FALSE,cubic,2,4,1.34,1,0.85,1,1.13,2.648077507,2.340791612,-7.0305,0.861098925,4.573729588,0.607142857
CaReO3,Ca,Re,FALSE,orthorhombic,2,4,1.34,1,0.63,1,1.9,2.648077507,1.98797081,-6.321,0.95441999,3.85881909,0.45
CaRhO3,Ca,Rh,FALSE,orthorhombic,2,4,1.34,1,0.6,1,2.28,2.648077507,2.001424352,-6.125142857,0.96873629,3.892378934,0.428571429
CaRuO3,Ca,Ru,TRUE,orthorhombic,2,4,1.34,1,0.62,1,2.2,2.648077507,2.018753288,-6.177142857,0.959144842,3.866667442,0.442857143
CaSnO3,Ca,Sn,TRUE,orthorhombic,2,4,1.34,1,0.69,1,1.96,2.648077507,2.052287148,-6.357428571,0.927020373,3.880820873,0.492857143
CaTaO3,Ca,Ta,FALSE,orthorhombic,2,4,1.34,1,0.68,1,1.5,2.648077507,1.956808277,-6.570285714,0.931477202,3.868922301,0.485714286
CaTbO3,Ca,Tb,FALSE,cubic,2,4,1.34,1,0.76,1,1.2,2.648077507,2.256932729,-6.844,0.896978047,4.060189592,0.542857143
CaThO3,Ca,Th,FALSE,cubic,2,4,1.34,1,0.94,1,1.3,2.648077507,2.246056043,-7.064857143,0.827979735,5.530833695,0.671428571
CaTiO3,Ca,Ti,TRUE,orthorhombic,2,4,1.34,1,0.61,1,1.54,2.648077507,1.927848949,-6.455857143,0.963916707,3.877842825,0.435714286
CaUO3,Ca,U,FALSE,cubic,2,4,1.34,1,0.89,1,1.38,2.648077507,2.0478,-6.937571429,0.846057895,4.931808666,0.635714286
CaVO3,Ca,V,TRUE,orthorhombic,2,4,1.34,1,0.58,1,1.63,2.648077507,1.758039163,-6.377857143,0.978521505,3.931714492,0.414285714
CaWO3,Ca,W,FALSE,orthorhombic,2,4,1.34,1,0.66,1,2.36,2.648077507,1.7456,-6.137142857,0.94052067,3.855032703,0.471428571
CaZrO3,Ca,Zr,TRUE,orthorhombic,2,4,1.34,1,0.72,1,1.33,2.648077507,2.043777903,-6.713142857,0.913902161,3.93668516,0.514285714
CdCeO3,Cd,Ce,FALSE,cubic,2,4,1.31,0.95,0.87,1.69,1.12,2.568546104,2.268642439,-6.298071429,0.844167126,4.967059278,0.621428571
CdFeO3,Cd,Fe,FALSE,orthorhombic,2,4,1.31,0.95,0.59,1.69,1.83,2.568546104,1.999521816,-5.534857143,0.962944411,3.940013515,0.421428571
CdHfO3,Cd,Hf,FALSE,rhombohedral,2,4,1.31,0.95,0.71,1.69,1.3,2.568546104,2.027412322,-5.941642857,0.9081798,3.996379133,0.507142857
CdIrO3,Cd,Ir,FALSE,orthorhombic,2,4,1.31,0.95,0.63,1.69,2.2,2.568546104,2.009082787,-5.414357143,0.943970136,3.90306178,0.45
CdMoO3,Cd,Mo,FALSE,rhombohedral,2,4,1.31,0.95,0.65,1.69,2.16,2.568546104,1.7893,-5.450642857,0.934760672,3.905432068,0.464285714
CdNbO3,Cd,Nb,FALSE,orthorhombic,2,4,1.31,0.95,0.68,1.69,1.6,2.568546104,1.955055241,-5.750071429,0.921278547,3.934989738,0.485714286
CdPbO3,Cd,Pb,FALSE,orthorhombic,2,4,1.31,0.95,0.78,1.69,2.33,2.568546104,2.362863567,-5.474785714,0.879018063,4.273268869,0.557142857
CdPdO3,Cd,Pd,FALSE,orthorhombic,2,4,1.31,0.95,0.62,1.69,2.2,2.568546104,2.04250519,-5.4055,0.948643256,3.907063064,0.442857143
CdPrO3,Cd,Pr,FALSE,cubic,2,4,1.31,0.95,0.85,1.69,1.13,2.568546104,2.340791612,-6.258857143,0.851670834,4.773127417,0.607142857
CdReO3,Cd,Re,FALSE,rhombohedral,2,4,1.31,0.95,0.63,1.69,1.9,2.568546104,1.98797081,-5.549357143,0.943970136,3.90306178,0.45
CdRhO3,Cd,Rh,FALSE,orthorhombic,2,4,1.31,0.95,0.6,1.69,2.28,2.568546104,2.001424352,-5.3535,0.958129689,3.925510098,0.428571429
CdRuO3,Cd,Ru,FALSE,orthorhombic,2,4,1.31,0.95,0.62,1.69,2.2,2.568546104,2.018753288,-5.4055,0.948643256,3.907063064,0.442857143
CdSbO3,Cd,Sb,FALSE,orthorhombic,2,4,1.31,0.95,0.68,1.69,2.05,2.568546104,2.075848892,-5.5315,0.921278547,3.934989738,0.485714286
CdSnO3,Cd,Sn,TRUE,orthorhombic,2,4,1.31,0.95,0.69,1.69,1.96,2.568546104,2.052287148,-5.585785714,0.916870515,3.951861548,0.492857143
CdTaO3,Cd,Ta,FALSE,rhombohedral,2,4,1.31,0.95,0.68,1.69,1.5,2.568546104,1.956808277,-5.798642857,0.921278547,3.934989738,0.485714286
CdTbO3,Cd,Tb,FALSE,cubic,2,4,1.31,0.95,0.76,1.69,1.2,2.568546104,2.256932729,-6.072357143,0.887157119,4.17377922,0.542857143
CdTiO3,Cd,Ti,TRUE,orthorhombic,2,4,1.31,0.95,0.61,1.69,1.54,2.568546104,1.927848949,-5.684214286,0.953362874,3.914537862,0.435714286
CdUO3,Cd,U,FALSE,orthorhombic,2,4,1.31,0.95,0.89,1.69,1.38,2.568546104,2.0478,-6.165928571,0.836794488,5.188443899,0.635714286
CdVO3,Cd,V,FALSE,orthorhombic,2,4,1.31,0.95,0.58,1.69,1.63,2.568546104,1.758039163,-5.606214286,0.967807766,3.95809193,0.414285714
CdWO3,Cd,W,FALSE,cubic,2,4,1.31,0.95,0.66,1.69,2.36,2.568546104,1.7456,-5.3655,0.930222999,3.911803514,0.471428571
CdZrO3,Cd,Zr,FALSE,orthorhombic,2,4,1.31,0.95,0.72,1.69,1.33,2.568546104,2.043777903,-5.9415,0.903895933,4.024142317,0.514285714
CeAgO3,Ce,Ag,FALSE,orthorhombic,3,3,1.34,0.94,0.75,1.12,1.93,2.577786082,2.488353231,-6.322071429,0.901150037,2.102445808,0.535714286
CeAsO3,Ce,As,FALSE,orthorhombic,3,3,1.34,0.94,0.58,1.12,2.18,2.577786082,1.932227032,-6.035142857,0.978521505,1.690675187,0.414285714
CeCoO3,Ce,Co,FALSE,orthorhombic,3,3,1.34,0.94,0.61,1.12,1.88,2.577786082,1.930310969,-6.192857143,0.963916707,1.669223254,0.435714286
CeCrO3,Ce,Cr,TRUE,orthorhombic,3,3,1.34,0.94,0.62,1.12,1.66,2.577786082,1.960053288,-6.301428571,0.959144842,1.670968905,0.442857143
CeDyO3,Ce,Dy,FALSE,orthorhombic,3,3,1.34,0.94,0.91,1.12,1.22,2.577786082,2.255580699,-6.956142857,0.838732719,3.95398448,0.65
CeErO3,Ce,Er,FALSE,orthorhombic,3,3,1.34,0.94,0.89,1.12,1.24,2.577786082,2.250676638,-6.911714286,0.846057895,3.611196145,0.635714286
CeEuO3,Ce,Eu,FALSE,cubic,3,3,1.34,0.94,0.95,1.12,1.2,2.577786082,2.354367494,-7.033142857,0.824456417,4.776112306,0.678571429
CeFeO3,Ce,Fe,TRUE,orthorhombic,3,3,1.34,0.94,0.65,1.12,1.83,2.577786082,1.999521816,-6.260642857,0.945108576,1.702596939,0.464285714
CeGaO3,Ce,Ga,TRUE,orthorhombic,3,3,1.34,0.94,0.62,1.12,1.81,2.577786082,1.974643898,-6.235,0.959144842,1.670968905,0.442857143
CeGdO3,Ce,Gd,FALSE,cubic,3,3,1.34,0.94,0.94,1.12,1.2,2.577786082,2.28415608,-7.017142857,0.827979735,4.551569691,0.671428571
CeGeO3,Ce,Ge,FALSE,orthorhombic,3,3,1.34,0.94,0.63,1.12,2.01,2.577786082,1.899964183,-6.156642857,0.95441999,1.677117524,0.45
CeHfO3,Ce,Hf,FALSE,orthorhombic,2,4,1.34,0.94,0.71,1.12,1.3,2.577786082,2.027412322,-6.598428571,0.91823345,3.914661683,0.507142857
CeHoO3,Ce,Ho,FALSE,orthorhombic,3,3,1.34,0.94,0.9,1.12,1.23,2.577786082,2.25865608,-6.933857143,0.842379383,3.777486596,0.642857143
CeInO3,Ce,In,FALSE,orthorhombic,3,3,1.34,0.94,0.8,1.12,1.78,2.577786082,2.147680955,-6.461714286,0.880669355,2.491899467,0.571428571
CeIrO3,Ce,Ir,FALSE,orthorhombic,3,3,1.34,0.94,0.68,1.12,2.2,2.577786082,2.009082787,-6.115428571,0.931477202,1.773971687,0.485714286
CeLuO3,Ce,Lu,TRUE,orthorhombic,3,3,1.34,0.94,0.86,1.12,1.27,2.577786082,2.209114963,-6.846142857,0.857288752,3.167924149,0.614285714
CeMgO3,Ce,Mg,FALSE,orthorhombic,4,2,1.14,0.94,0.72,1.12,1.31,2.577786082,2.046489492,-5.785714286,0.847193974,-0.273427665,0.514285714
CeMnO3,Ce,Mn,TRUE,orthorhombic,3,3,1.34,0.94,0.65,1.12,1.55,2.577786082,2.16999357,-6.390642857,0.945108576,1.702596939,0.464285714
CeMoO3,Ce,Mo,FALSE,orthorhombic,3,3,1.34,0.94,0.69,1.12,2.16,2.577786082,1.7893,-6.144,0.927020373,1.806738556,0.492857143
CeNbO3,Ce,Nb,FALSE,orthorhombic,3,3,1.34,0.94,0.72,1.12,1.6,2.577786082,1.955055241,-6.459428571,0.913902161,1.932805518,0.514285714
CeNiO3,Ce,Ni,FALSE,orthorhombic,3,3,1.34,0.94,0.6,1.12,1.91,2.577786082,2.103725488,-6.168857143,0.96873629,1.671901735,0.428571429
CePbO3,Ce,Pb,FALSE,cubic,2,4,1.34,0.94,0.78,1.12,2.33,2.577786082,2.362863567,-6.131571429,0.88874889,4.144346517,0.557142857
CeReO3,Ce,Re,FALSE,orthorhombic,3,3,1.34,0.94,0.63,1.12,1.9,2.577786082,1.98797081,-6.206142857,0.95441999,1.677117524,0.45
CeRhO3,Ce,Rh,FALSE,orthorhombic,3,3,1.34,0.94,0.67,1.12,2.28,2.577786082,2.001424352,-6.068285714,0.935977092,1.745722484,0.478571429
CeRuO3,Ce,Ru,FALSE,orthorhombic,3,3,1.34,0.94,0.68,1.12,2.2,2.577786082,2.018753288,-6.115428571,0.931477202,1.773971687,0.485714286
CeSbO3,Ce,Sb,FALSE,cubic,3,3,1.34,0.94,0.76,1.12,2.05,2.577786082,2.075848892,-6.267714286,0.896978047,2.169231756,0.542857143
CeScO3,Ce,Sc,FALSE,orthorhombic,3,3,1.34,0.94,0.75,1.12,1.36,2.577786082,2.074614707,-6.627428571,0.901150037,2.102445808,0.535714286
CeSmO3,Ce,Sm,FALSE,cubic,3,3,1.34,0.94,0.96,1.12,1.17,2.577786082,2.311832729,-7.069714286,0.820962958,5.01487117,0.685714286
CeSnO3,Ce,Sn,FALSE,orthorhombic,2,4,1.34,0.94,0.69,1.12,1.96,2.577786082,2.052287148,-6.242571429,0.927020373,3.880820873,0.492857143
CeTaO3,Ce,Ta,FALSE,orthorhombic,3,3,1.34,0.94,0.72,1.12,1.5,2.577786082,1.956808277,-6.510857143,0.913902161,1.932805518,0.514285714
CeTbO3,Ce,Tb,FALSE,cubic,3,3,1.34,0.94,0.92,1.12,1.2,2.577786082,2.256932729,-6.985142857,0.835117492,4.141340268,0.657142857
CeThO3,Ce,Th,FALSE,cubic,2,4,1.34,0.94,0.94,1.12,1.3,2.577786082,2.246056043,-6.95,0.827979735,5.530833695,0.671428571
CeTiO3,Ce,Ti,TRUE,orthorhombic,3,3,1.34,0.94,0.67,1.12,1.54,2.577786082,1.927848949,-6.422428571,0.935977092,1.745722484,0.478571429
CeTlO3,Ce,Tl,FALSE,orthorhombic,3,3,1.34,0.94,0.89,1.12,1.62,2.577786082,2.297683747,-6.670142857,0.846057895,3.611196145,0.635714286
CeTmO3,Ce,Tm,TRUE,orthorhombic,3,3,1.34,0.94,0.88,1.12,1.25,2.577786082,2.119700811,-6.889714286,0.849768676,3.454522373,0.628571429
CeUO3,Ce,U,FALSE,cubic,2,4,1.34,0.94,0.89,1.12,1.38,2.577786082,2.0478,-6.822714286,0.846057895,4.931808666,0.635714286
CeVO3,Ce,V,TRUE,orthorhombic,3,3,1.34,0.94,0.64,1.12,1.63,2.577786082,1.758039163,-6.340571429,0.949741461,1.687659561,0.457142857
CeWO3,Ce,W,FALSE,orthorhombic,3,3,1.34,0.94,0.66,1.12,2.36,2.577786082,1.7456,-6.022285714,0.94052067,1.721942993,0.471428571
CeYO3,Ce,Y,FALSE,cubic,3,3,1.34,0.94,0.9,1.12,1.22,2.577786082,2.235124352,-6.940285714,0.842379383,3.777486596,0.642857143
CeYbO3,Ce,Yb,TRUE,cubic,3,3,1.34,0.94,0.87,1.12,1.1,2.577786082,2.223980699,-6.967285714,0.85351215,3.306928065,0.621428571
CeZnO3,Ce,Zn,FALSE,orthorhombic,4,2,1.14,0.94,0.74,1.12,1.65,2.577786082,2.096140752,-5.636428571,0.839276273,0.151754243,0.528571429
CeZrO3,Ce,Zr,FALSE,orthorhombic,2,4,1.34,0.94,0.72,1.12,1.33,2.577786082,2.043777903,-6.598285714,0.913902161,3.93668516,0.514285714
CoVO3,Co,V,FALSE,cubic,2,4,0.9,0.63,0.58,1.88,1.63,2.233562861,1.758039163,-3.964142857,0.821386665,5.47725185,0.414285714
CsBiO3,Cs,Bi,FALSE,cubic,1,5,1.88,1.67,0.76,0.79,2.02,3.300175886,2.215655462,-8.948857143,1.073754742,3.573319419,0.542857143
CsTeO3,Cs,Te,FALSE,tetragonal,1,5,1.88,1.67,0.77,0.79,2.1,3.300175886,2.115491508,-8.915,1.068806563,3.553403075,0.55
CsUO3,Cs,U,FALSE,orthorhombic,1,5,1.88,1.67,0.76,0.79,1.38,3.300175886,2.0478,-9.296285714,1.073754742,3.573319419,0.542857143
DyAsO3,Dy,As,FALSE,cubic,3,3,1.08,0.99,0.58,1.22,2.18,2.550861398,1.932227032,-4.888285714,0.8856691,2.39933722,0.414285714
DyCoO3,Dy,Co,TRUE,orthorhombic,3,3,1.08,0.99,0.61,1.22,1.88,2.550861398,1.930310969,-5.046,0.872450158,2.592949714,0.435714286
DyCrO3,Dy,Cr,TRUE,orthorhombic,3,3,1.08,0.99,0.62,1.22,1.66,2.550861398,1.960053288,-5.154571429,0.868131098,2.673985573,0.442857143
DyFeO3,Dy,Fe,TRUE,orthorhombic,3,3,1.08,0.99,0.65,1.22,1.83,2.550861398,1.999521816,-5.113785714,0.85542674,2.971029231,0.464285714
DyGaO3,Dy,Ga,FALSE,orthorhombic,3,3,1.08,0.99,0.62,1.22,1.81,2.550861398,1.974643898,-5.088142857,0.868131098,2.673985573,0.442857143
DyHfO3,Dy,Hf,FALSE,cubic,2,4,1.19,0.99,0.71,1.22,1.3,2.550861398,2.027412322,-5.896285714,0.867965196,4.462593136,0.507142857
DyIrO3,Dy,Ir,FALSE,cubic,2,4,1.19,0.99,0.63,1.22,2.2,2.550861398,2.009082787,-5.369,0.902170721,4.162229303,0.45
DyMoO3,Dy,Mo,FALSE,cubic,2,4,1.19,0.99,0.65,1.22,2.16,2.550861398,1.7893,-5.405285714,0.893369055,4.20861569,0.464285714
DyNbO3,Dy,Nb,FALSE,cubic,2,4,1.19,0.99,0.68,1.22,1.6,2.550861398,1.955055241,-5.704714286,0.880483925,4.313114555,0.485714286
DyNiO3,Dy,Ni,TRUE,orthorhombic,3,3,1.08,0.99,0.6,1.22,1.91,2.550861398,2.103725488,-5.022,0.876812409,2.520339985,0.428571429
DyPbO3,Dy,Pb,FALSE,cubic,2,4,1.19,0.99,0.78,1.22,2.33,2.550861398,2.362863567,-5.429428571,0.840094754,5.018300084,0.557142857
DyPdO3,Dy,Pd,FALSE,orthorhombic,2,4,1.19,0.99,0.62,1.22,2.2,2.550861398,2.04250519,-5.360142857,0.906636913,4.145754402,0.442857143
DyReO3,Dy,Re,FALSE,cubic,2,4,1.19,0.99,0.63,1.22,1.9,2.550861398,1.98797081,-5.504,0.902170721,4.162229303,0.45
DyRhO3,Dy,Rh,TRUE,cubic,2,4,1.19,0.99,0.6,1.22,2.28,2.550861398,2.001424352,-5.308142857,0.915703282,4.125957037,0.428571429
DyRuO3,Dy,Ru,FALSE,cubic,2,4,1.19,0.99,0.62,1.22,2.2,2.550861398,2.018753288,-5.360142857,0.906636913,4.145754402,0.442857143
DySnO3,Dy,Sn,FALSE,cubic,2,4,1.19,0.99,0.69,1.22,1.96,2.550861398,2.052287148,-5.540428571,0.876271083,4.357733849,0.492857143
DyTaO3,Dy,Ta,FALSE,cubic,2,4,1.19,0.99,0.68,1.22,1.5,2.550861398,1.956808277,-5.753285714,0.880483925,4.313114555,0.485714286
DyTbO3,Dy,Tb,FALSE,cubic,2,4,1.19,0.99,0.76,1.22,1.2,2.550861398,2.256932729,-6.027,0.847873409,4.826154595,0.542857143
DyTiO3,Dy,Ti,TRUE,orthorhombic,2,4,1.19,0.99,0.61,1.22,1.54,2.550861398,1.927848949,-5.638857143,0.911147544,4.133677569,0.435714286
DyVO3,Dy,V,TRUE,orthorhombic,2,4,1.19,0.99,0.58,1.22,1.63,2.550861398,1.758039163,-5.560857143,0.92495281,4.123490772,0.414285714
DyWO3,Dy,W,FALSE,cubic,2,4,1.19,0.99,0.66,1.22,2.36,2.550861398,1.7456,-5.320142857,0.889032312,4.238687559,0.471428571
DyZrO3,Dy,Zr,FALSE,cubic,2,4,1.19,0.99,0.72,1.22,1.33,2.550861398,2.043777903,-5.896142857,0.86387102,4.523222518,0.514285714
ErAsO3,Er,As,FALSE,cubic,3,3,1.06,0.89,0.58,1.24,2.18,2.536253277,1.932227032,-4.792285714,0.878526607,2.50632085,0.414285714
ErCoO3,Er,Co,FALSE,orthorhombic,3,3,1.06,0.89,0.61,1.24,1.88,2.536253277,1.930310969,-4.95,0.86541427,2.72946993,0.435714286
ErCrO3,Er,Cr,TRUE,orthorhombic,3,3,1.06,0.89,0.62,1.24,1.66,2.536253277,1.960053288,-5.058571429,0.86113004,2.821717737,0.442857143
ErFeO3,Er,Fe,TRUE,orthorhombic,3,3,1.06,0.89,0.65,1.24,1.83,2.536253277,1.999521816,-5.017785714,0.848528137,3.157505173,0.464285714
ErGaO3,Er,Ga,FALSE,orthorhombic,3,3,1.06,0.89,0.62,1.24,1.81,2.536253277,1.974643898,-4.992142857,0.86113004,2.821717737,0.442857143
ErGeO3,Er,Ge,FALSE,cubic,3,3,1.06,0.89,0.63,1.24,2.01,2.536253277,1.899964183,-4.913785714,0.856888021,2.923503551,0.45
ErHfO3,Er,Hf,FALSE,cubic,3,3,1.06,0.89,0.71,1.24,1.3,2.536253277,2.027412322,-5.355571429,0.824399375,4.147801615,0.507142857
ErIrO3,Er,Ir,FALSE,cubic,3,3,1.06,0.89,0.68,1.24,2.2,2.536253277,2.009082787,-4.872571429,0.836289751,3.593042791,0.485714286
ErMnO3,Er,Mn,FALSE,orthorhombic,3,3,1.06,0.89,0.65,1.24,1.55,2.536253277,2.16999357,-5.147785714,0.848528137,3.157505173,0.464285714
ErMoO3,Er,Mo,FALSE,cubic,3,3,1.06,0.89,0.69,1.24,2.16,2.536253277,1.7893,-4.901142857,0.832288364,3.763543667,0.492857143
ErNbO3,Er,Nb,FALSE,cubic,3,3,1.06,0.89,0.72,1.24,1.6,2.536253277,1.955055241,-5.216571429,0.820510699,4.363718673,0.514285714
ErNiO3,Er,Ni,TRUE,orthorhombic,3,3,1.06,0.89,0.6,1.24,1.91,2.536253277,2.103725488,-4.926,0.869741341,2.646373089,0.428571429
ErReO3,Er,Re,FALSE,cubic,3,3,1.06,0.89,0.63,1.24,1.9,2.536253277,1.98797081,-4.963285714,0.856888021,2.923503551,0.45
ErRhO3,Er,Rh,TRUE,cubic,3,3,1.06,0.89,0.67,1.24,2.28,2.536253277,2.001424352,-4.825428571,0.840329798,3.435721459,0.478571429
ErRuO3,Er,Ru,FALSE,cubic,3,3,1.06,0.89,0.68,1.24,2.2,2.536253277,2.018753288,-4.872571429,0.836289751,3.593042791,0.485714286
ErTaO3,Er,Ta,FALSE,cubic,3,3,1.06,0.89,0.72,1.24,1.5,2.536253277,1.956808277,-5.268,0.820510699,4.363718673,0.514285714
ErTiO3,Er,Ti,TRUE,orthorhombic,3,3,1.06,0.89,0.67,1.24,1.54,2.536253277,1.927848949,-5.179571429,0.840329798,3.435721459,0.478571429
ErVO3,Er,V,TRUE,orthorhombic,3,3,1.06,0.89,0.64,1.24,1.63,2.536253277,1.758039163,-5.097714286,0.852687589,3.035266936,0.457142857
ErWO3,Er,W,FALSE,cubic,3,3,1.06,0.89,0.66,1.24,2.36,2.536253277,1.7456,-4.779428571,0.844409069,3.290779345,0.471428571
ErZrO3,Er,Zr,FALSE,cubic,3,3,1.06,0.89,0.72,1.24,1.33,2.536253277,2.043777903,-5.355428571,0.820510699,4.363718673,0.514285714
EuAgO3,Eu,Ag,FALSE,orthorhombic,3,3,1.12,1.06,0.75,1.2,1.93,2.675987786,2.488353231,-5.352928571,0.828794925,4.038436783,0.535714286
EuAsO3,Eu,As,FALSE,tetragonal,3,3,1.12,1.06,0.58,1.2,2.18,2.675987786,1.932227032,-5.066,0.899954085,2.217154328,0.414285714
EuCeO3,Eu,Ce,FALSE,cubic,2,4,1.48,1.06,0.87,1.2,1.12,2.675987786,2.268642439,-7.446285714,0.89712226,4.012869866,0.621428571
EuFeO3,Eu,Fe,TRUE,orthorhombic,3,3,1.12,1.06,0.65,1.2,1.83,2.675987786,1.999521816,-5.2915,0.869223946,2.654159611,0.464285714
EuGaO3,Eu,Ga,TRUE,rhombohedral,3,3,1.12,1.06,0.62,1.2,1.81,2.675987786,1.974643898,-5.265857143,0.882133212,2.422217868,0.442857143
EuHfO3,Eu,Hf,FALSE,orthorhombic,2,4,1.48,1.06,0.71,1.2,1.3,2.675987786,2.027412322,-7.089857143,0.965150488,3.647569868,0.507142857
EuIrO3,Eu,Ir,FALSE,orthorhombic,2,4,1.48,1.06,0.63,1.2,2.2,2.675987786,2.009082787,-6.562571429,1.003185975,3.723376904,0.45
EuMoO3,Eu,Mo,FALSE,orthorhombic,2,4,1.48,1.06,0.65,1.2,2.16,2.675987786,1.7893,-6.598857143,0.993398795,3.68825035,0.464285714
EuNbO3,Eu,Nb,FALSE,orthorhombic,2,4,1.48,1.06,0.68,1.2,1.6,2.675987786,1.955055241,-6.898285714,0.979070928,3.655989024,0.485714286
EuNiO3,Eu,Ni,TRUE,orthorhombic,3,3,1.12,1.06,0.6,1.2,1.91,2.675987786,2.103725488,-5.199714286,0.890954544,2.305473586,0.428571429
EuPbO3,Eu,Pb,FALSE,orthorhombic,2,4,1.48,1.06,0.78,1.2,2.33,2.675987786,2.362863567,-6.623,0.934159417,3.719698292,0.557142857
EuPdO3,Eu,Pd,FALSE,orthorhombic,2,4,1.48,1.06,0.62,1.2,2.2,2.675987786,2.04250519,-6.553714286,1.008152242,3.745152063,0.442857143
EuPrO3,Eu,Pr,FALSE,cubic,2,4,1.48,1.06,0.85,1.2,1.13,2.675987786,2.340791612,-7.407071429,0.90509668,3.926535441,0.607142857
EuReO3,Eu,Re,FALSE,orthorhombic,2,4,1.48,1.06,0.63,1.2,1.9,2.675987786,1.98797081,-6.697571429,1.003185975,3.723376904,0.45
EuRhO3,Eu,Rh,TRUE,orthorhombic,2,4,1.48,1.06,0.6,1.2,2.28,2.675987786,2.001424352,-6.501714286,1.018233765,3.797404393,0.428571429
EuRuO3,Eu,Ru,FALSE,orthorhombic,2,4,1.48,1.06,0.62,1.2,2.2,2.675987786,2.018753288,-6.553714286,1.008152242,3.745152063,0.442857143
EuSbO3,Eu,Sb,FALSE,orthorhombic,3,3,1.12,1.06,0.76,1.2,2.05,2.675987786,2.075848892,-5.298571429,0.824957911,4.243460665,0.542857143
EuScO3,Eu,Sc,TRUE,orthorhombic,3,3,1.12,1.06,0.75,1.2,1.36,2.675987786,2.074614707,-5.658285714,0.828794925,4.038436783,0.535714286
EuSnO3,Eu,Sn,FALSE,orthorhombic,2,4,1.48,1.06,0.69,1.2,1.96,2.675987786,2.052287148,-6.734,0.974386378,3.65055888,0.492857143
EuTaO3,Eu,Ta,FALSE,orthorhombic,2,4,1.48,1.06,0.68,1.2,1.5,2.675987786,1.956808277,-6.946857143,0.979070928,3.655989024,0.485714286
EuTbO3,Eu,Tb,FALSE,orthorhombic,2,4,1.48,1.06,0.76,1.2,1.2,2.675987786,2.256932729,-7.220571429,0.942809042,3.685856125,0.542857143
EuTeO3,Eu,Te,FALSE,orthorhombic,2,4,1.48,1.06,0.97,1.2,2.1,2.675987786,2.115491508,-6.933,0.859269,4.665871837,0.692857143
EuThO3,Eu,Th,FALSE,orthorhombic,2,4,1.48,1.06,0.94,1.2,1.3,2.675987786,2.246056043,-7.441428571,0.870285269,4.426605208,0.671428571
EuTiO3,Eu,Ti,TRUE,orthorhombic,2,4,1.48,1.06,0.61,1.2,1.54,2.675987786,1.927848949,-6.832428571,1.013167925,3.76980693,0.435714286
EuUO3,Eu,U,FALSE,cubic,2,4,1.48,1.06,0.89,1.2,1.38,2.675987786,2.0478,-7.314142857,0.889287131,4.112554496,0.635714286
EuVO3,Eu,V,FALSE,orthorhombic,2,4,1.48,1.06,0.58,1.2,1.63,2.675987786,1.758039163,-6.754428571,1.028518954,3.861717663,0.414285714
EuWO3,Eu,W,FALSE,orthorhombic,2,4,1.48,1.06,0.66,1.2,2.36,2.675987786,1.7456,-6.513714286,0.988576471,3.674808377,0.471428571
EuZrO3,Eu,Zr,FALSE,orthorhombic,2,4,1.48,1.06,0.72,1.2,1.33,2.675987786,2.043777903,-7.089714286,0.960597891,3.649993054,0.514285714
FeRhO3,Fe,Rh,FALSE,cubic,2,4,0.92,0.67,0.6,1.83,2.28,2.290643632,2.001424352,-3.815714286,0.820243866,5.507762171,0.428571429
FeSbO3,Fe,Sb,FALSE,cubic,1,5,0.92,0.67,0.6,1.83,2.05,2.290643632,2.075848892,-3.914285714,0.820243866,4.920547752,0.428571429
FeVO3,Fe,V,FALSE,cubic,2,4,0.92,0.67,0.58,1.83,1.63,2.290643632,1.758039163,-4.068428571,0.828529158,5.290230255,0.414285714
GdAgO3,Gd,Ag,FALSE,cubic,3,3,1.11,0.94,0.75,1.2,1.93,2.57181216,2.488353231,-5.312357143,0.825506056,4.191981316,0.535714286
GdAsO3,Gd,As,FALSE,cubic,3,3,1.11,0.94,0.58,1.2,2.18,2.57181216,1.932227032,-5.025428571,0.896382839,2.259106017,0.414285714
GdCrO3,Gd,Cr,TRUE,orthorhombic,3,3,1.11,0.94,0.62,1.2,1.66,2.57181216,1.960053288,-5.291714286,0.878632684,2.480259443,0.442857143
GdFeO3,Gd,Fe,TRUE,orthorhombic,3,3,1.11,0.94,0.65,1.2,1.83,2.57181216,1.999521816,-5.250928571,0.865774644,2.727133256,0.464285714
GdGaO3,Gd,Ga,TRUE,orthorhombic,3,3,1.11,0.94,0.62,1.2,1.81,2.57181216,1.974643898,-5.225285714,0.878632684,2.480259443,0.442857143
GdHfO3,Gd,Hf,FALSE,orthorhombic,2,4,1.11,0.94,0.71,1.2,1.3,2.57181216,2.027412322,-5.588714286,0.84115546,4.969164083,0.507142857
GdIrO3,Gd,Ir,FALSE,cubic,2,4,1.11,0.94,0.63,1.2,2.2,2.57181216,2.009082787,-5.061428571,0.874304444,4.443687046,0.45
GdMnO3,Gd,Mn,TRUE,orthorhombic,3,3,1.11,0.94,0.65,1.2,1.55,2.57181216,2.16999357,-5.380928571,0.865774644,2.727133256,0.464285714
GdMoO3,Gd,Mo,FALSE,cubic,3,3,1.11,0.94,0.69,1.2,2.16,2.57181216,1.7893,-5.134285714,0.849204795,3.180113837,0.492857143
GdNbO3,Gd,Nb,FALSE,cubic,3,3,1.11,0.94,0.72,1.2,1.6,2.57181216,1.955055241,-5.449714286,0.837187746,3.629091633,0.514285714
GdNiO3,Gd,Ni,TRUE,orthorhombic,3,3,1.11,0.94,0.6,1.2,1.91,2.57181216,2.103725488,-5.159142857,0.88741901,2.355000367,0.428571429
GdPdO3,Gd,Pd,FALSE,orthorhombic,2,4,1.11,0.94,0.62,1.2,2.2,2.57181216,2.04250519,-5.052571429,0.878632684,4.406194467,0.442857143
GdReO3,Gd,Re,FALSE,cubic,3,3,1.11,0.94,0.63,1.2,1.9,2.57181216,1.98797081,-5.196428571,0.874304444,2.554419459,0.45
GdRhO3,Gd,Rh,TRUE,orthorhombic,3,3,1.11,0.94,0.67,1.2,2.28,2.57181216,2.001424352,-5.058571429,0.857409672,2.934598312,0.478571429
GdRuO3,Gd,Ru,FALSE,cubic,2,4,1.11,0.94,0.62,1.2,2.2,2.57181216,2.018753288,-5.052571429,0.878632684,4.406194467,0.442857143
GdSbO3,Gd,Sb,FALSE,cubic,3,3,1.11,0.94,0.76,1.2,2.05,2.57181216,2.075848892,-5.258,0.821684269,4.409199392,0.542857143
GdScO3,Gd,Sc,TRUE,orthorhombic,3,3,1.11,0.94,0.75,1.2,1.36,2.57181216,2.074614707,-5.617714286,0.825506056,4.191981316,0.535714286
GdSnO3,Gd,Sn,FALSE,cubic,2,4,1.11,0.94,0.69,1.2,1.96,2.57181216,2.052287148,-5.232857143,0.849204795,4.796404394,0.492857143
GdTaO3,Gd,Ta,FALSE,cubic,3,3,1.11,0.94,0.72,1.2,1.5,2.57181216,1.956808277,-5.501142857,0.837187746,3.629091633,0.514285714
GdTiO3,Gd,Ti,TRUE,orthorhombic,2,4,1.11,0.94,0.61,1.2,1.54,2.57181216,1.927848949,-5.331285714,0.88300399,4.374269702,0.435714286
GdVO3,Gd,V,TRUE,orthorhombic,3,3,1.11,0.94,0.64,1.2,1.63,2.57181216,1.758039163,-5.330857143,0.870018638,2.636609657,0.457142857
GdWO3,Gd,W,FALSE,cubic,3,3,1.11,0.94,0.66,1.2,2.36,2.57181216,1.7456,-5.012571429,0.861571855,2.826333714,0.471428571
GdZrO3,Gd,Zr,FALSE,cubic,2,4,1.11,0.94,0.72,1.2,1.33,2.57181216,2.043777903,-5.588571429,0.837187746,5.06754257,0.514285714
HgBiO3,Hg,Bi,FALSE,rhombohedral,1,5,1.19,1.11,0.76,2,2.02,2.645968153,2.215655462,-4.918857143,0.847873409,4.334129929,0.542857143
HgFeO3,Hg,Fe,FALSE,orthorhombic,2,4,1.14,1.11,0.59,2,1.83,2.645968153,1.999521816,-4.652214286,0.902538304,4.239946133,0.421428571
HgHfO3,Hg,Hf,FALSE,rhombohedral,2,4,1.14,1.11,0.71,2,1.3,2.645968153,2.027412322,-5.059,0.851209111,4.753545157,0.507142857
HgMoO3,Hg,Mo,FALSE,cubic,1,5,1.19,1.11,0.61,2,2.16,2.645968153,1.7893,-4.705714286,0.911147544,4.214379768,0.435714286
HgNbO3,Hg,Nb,FALSE,tetragonal,1,5,1.19,1.11,0.64,2,1.6,2.645968153,1.955055241,-4.989142857,0.897748315,4.185329504,0.457142857
HgPdO3,Hg,Pd,FALSE,orthorhombic,2,4,1.14,1.11,0.62,2,2.2,2.645968153,2.04250519,-4.522857143,0.889134269,4.295884798,0.442857143
HgReO3,Hg,Re,FALSE,cubic,1,5,1.19,1.11,0.58,2,1.9,2.645968153,1.98797081,-4.786,0.92495281,4.268641938,0.414285714
HgRhO3,Hg,Rh,FALSE,rhombohedral,2,4,1.14,1.11,0.6,2,2.28,2.645968153,2.001424352,-4.470857143,0.898025612,4.253683871,0.428571429
HgSbO3,Hg,Sb,FALSE,orthorhombic,1,5,1.19,1.11,0.6,2,2.05,2.645968153,2.075848892,-4.743714286,0.915703282,4.229645185,0.428571429
HgSnO3,Hg,Sn,FALSE,rhombohedral,2,4,1.14,1.11,0.69,2,1.96,2.645968153,2.052287148,-4.703142857,0.859354653,4.610146322,0.492857143
HgTaO3,Hg,Ta,FALSE,cubic,1,5,1.19,1.11,0.64,2,1.5,2.645968153,1.956808277,-5.034857143,0.897748315,4.185329504,0.457142857
HgTiO3,Hg,Ti,FALSE,rhombohedral,2,4,1.14,1.11,0.61,2,1.54,2.645968153,1.927848949,-4.801571429,0.893557823,4.272305656,0.435714286
HgUO3,Hg,U,FALSE,tetragonal,1,5,1.19,1.11,0.76,2,1.38,2.645968153,2.0478,-5.266285714,0.847873409,4.334129929,0.542857143
HgVO3,Hg,V,FALSE,orthorhombic,2,4,1.14,1.11,0.58,2,1.63,2.645968153,1.758039163,-4.723571429,0.907096578,4.231037424,0.414285714
HgWO3,Hg,W,FALSE,cubic,1,5,1.19,1.11,0.62,2,2.36,2.645968153,1.7456,-4.626285714,0.906636913,4.201909459,0.442857143
HgZrO3,Hg,Zr,FALSE,rhombohedral,2,4,1.14,1.11,0.72,2,1.33,2.645968153,2.043777903,-5.058857143,0.847193974,4.83550839,0.514285714
HoAgO3,Ho,Ag,FALSE,cubic,3,3,1.12,0.9,0.75,1.23,1.93,2.54631216,2.488353231,-5.328928571,0.828794925,4.038436783,0.535714286
HoAsO3,Ho,As,FALSE,cubic,3,3,1.12,0.9,0.58,1.23,2.18,2.54631216,1.932227032,-5.042,0.899954085,2.217154328,0.414285714
HoCoO3,Ho,Co,TRUE,orthorhombic,3,3,1.12,0.9,0.61,1.23,1.88,2.54631216,1.930310969,-5.199714286,0.886521935,2.360207097,0.435714286
HoCrO3,Ho,Cr,TRUE,orthorhombic,3,3,1.12,0.9,0.62,1.23,1.66,2.54631216,1.960053288,-5.308285714,0.882133212,2.422217868,0.442857143
HoFeO3,Ho,Fe,TRUE,orthorhombic,3,3,1.12,0.9,0.65,1.23,1.83,2.54631216,1.999521816,-5.2675,0.869223946,2.654159611,0.464285714
HoGaO3,Ho,Ga,FALSE,orthorhombic,3,3,1.12,0.9,0.62,1.23,1.81,2.54631216,1.974643898,-5.241857143,0.882133212,2.422217868,0.442857143
HoHfO3,Ho,Hf,FALSE,cubic,2,4,1.12,0.9,0.71,1.23,1.3,2.54631216,2.027412322,-5.605285714,0.844506677,4.893283618,0.507142857
HoIrO3,Ho,Ir,FALSE,cubic,2,4,1.12,0.9,0.63,1.23,2.2,2.54631216,2.009082787,-5.078,0.877787728,4.40188355,0.45
HoMnO3,Ho,Mn,TRUE,orthorhombic,3,3,1.12,0.9,0.65,1.23,1.55,2.54631216,2.16999357,-5.3975,0.869223946,2.654159611,0.464285714
HoMoO3,Ho,Mo,FALSE,cubic,2,4,1.12,0.9,0.65,1.23,2.16,2.54631216,1.7893,-5.114285714,0.869223946,4.487388459,0.464285714
HoNbO3,Ho,Nb,FALSE,cubic,2,4,1.12,0.9,0.68,1.23,1.6,2.54631216,1.955055241,-5.413714286,0.856687062,4.660378568,0.485714286
HoNiO3,Ho,Ni,TRUE,orthorhombic,3,3,1.12,0.9,0.6,1.23,1.91,2.54631216,2.103725488,-5.175714286,0.890954544,2.305473586,0.428571429
HoPdO3,Ho,Pd,FALSE,cubic,2,4,1.12,0.9,0.62,1.23,2.2,2.54631216,2.04250519,-5.069142857,0.882133212,4.367500084,0.442857143
HoReO3,Ho,Re,FALSE,cubic,2,4,1.12,0.9,0.63,1.23,1.9,2.54631216,1.98797081,-5.213,0.877787728,4.40188355,0.45
HoRhO3,Ho,Rh,TRUE,cubic,2,4,1.12,0.9,0.6,1.23,2.28,2.54631216,2.001424352,-5.017142857,0.890954544,4.314760168,0.428571429
HoRuO3,Ho,Ru,FALSE,cubic,2,4,1.12,0.9,0.62,1.23,2.2,2.54631216,2.018753288,-5.069142857,0.882133212,4.367500084,0.442857143
HoSbO3,Ho,Sb,FALSE,cubic,3,3,1.12,0.9,0.76,1.23,2.05,2.54631216,2.075848892,-5.274571429,0.824957911,4.243460665,0.542857143
HoScO3,Ho,Sc,TRUE,cubic,3,3,1.12,0.9,0.75,1.23,1.36,2.54631216,2.074614707,-5.634285714,0.828794925,4.038436783,0.535714286
HoSnO3,Ho,Sn,FALSE,cubic,2,4,1.12,0.9,0.69,1.23,1.96,2.54631216,2.052287148,-5.249428571,0.852588081,4.730942505,0.492857143
HoTaO3,Ho,Ta,FALSE,cubic,2,4,1.12,0.9,0.68,1.23,1.5,2.54631216,1.956808277,-5.462285714,0.856687062,4.660378568,0.485714286
HoTbO3,Ho,Tb,FALSE,cubic,2,4,1.12,0.9,0.76,1.23,1.2,2.54631216,2.256932729,-5.736,0.824957911,5.443008864,0.542857143
HoTiO3,Ho,Ti,TRUE,orthorhombic,2,4,1.12,0.9,0.61,1.23,1.54,2.54631216,1.927848949,-5.347857143,0.886521935,4.33849872,0.435714286
HoVO3,Ho,V,FALSE,orthorhombic,2,4,1.12,0.9,0.58,1.23,1.63,2.54631216,1.758039163,-5.269857143,0.899954085,4.282700587,0.414285714
HoWO3,Ho,W,FALSE,cubic,2,4,1.12,0.9,0.66,1.23,2.36,2.54631216,1.7456,-5.029142857,0.865004412,4.538867544,0.471428571
HoZrO3,Ho,Zr,FALSE,cubic,2,4,1.12,0.9,0.72,1.23,1.33,2.54631216,2.043777903,-5.605142857,0.840523155,4.985821742,0.514285714
InAsO3,In,As,FALSE,cubic,3,3,0.92,0.8,0.58,1.78,2.18,2.392361909,1.932227032,-3.873428571,0.828529158,3.72844883,0.414285714
InNiO3,In,Ni,FALSE,cubic,3,3,0.92,0.8,0.6,1.78,1.91,2.392361909,2.103725488,-4.007142857,0.820243866,4.094976591,0.428571429
InReO3,In,Re,FALSE,cubic,1,5,0.92,0.8,0.58,1.78,1.9,2.392361909,1.98797081,-3.989428571,0.828529158,4.852011679,0.414285714
InSbO3,In,Sb,FALSE,tetragonal,1,5,0.92,0.8,0.6,1.78,2.05,2.392361909,2.075848892,-3.947142857,0.820243866,4.920547752,0.428571429
InVO3,In,V,FALSE,rhombohedral,2,4,0.92,0.8,0.58,1.78,1.63,2.392361909,1.758039163,-4.101285714,0.828529158,5.290230255,0.414285714
KBiO3,K,Bi,TRUE,orthorhombic,1,5,1.64,1.38,0.76,0.82,2.02,3.025719299,2.215655462,-7.869714286,0.995187322,3.647724696,0.542857143
KMoO3,K,Mo,FALSE,rhombohedral,1,5,1.64,1.38,0.61,0.82,2.16,3.025719299,1.7893,-7.656571429,1.069455032,4.013529698,0.435714286
KNbO3,K,Nb,TRUE,tetragonal,1,5,1.64,1.38,0.64,0.82,1.6,3.025719299,1.955055241,-7.94,1.053727752,3.910715044,0.457142857
KReO3,K,Re,FALSE,cubic,1,5,1.64,1.38,0.58,0.82,1.9,3.025719299,1.98797081,-7.736857143,1.085658896,4.134134169,0.414285714
KSbO3,K,Sb,FALSE,orthorhombic,1,5,1.64,1.38,0.6,0.82,2.05,3.025719299,2.075848892,-7.694571429,1.074802307,4.051656452,0.428571429
KTaO3,K,Ta,TRUE,rhombohedral,1,5,1.64,1.38,0.64,0.82,1.5,3.025719299,1.956808277,-7.985714286,1.053727752,3.910715044,0.457142857
KWO3,K,W,FALSE,orthorhombic,1,5,1.64,1.38,0.62,0.82,2.36,3.025719299,1.7456,-7.577142857,1.0641607,3.977375872,0.442857143
LaAgO3,La,Ag,FALSE,orthorhombic,3,3,1.36,1.03,0.75,1.1,1.93,2.689118757,2.488353231,-6.423785714,0.907727775,2.006961882,0.535714286
LaAsO3,La,As,FALSE,orthorhombic,3,3,1.36,1.03,0.58,1.1,2.18,2.689118757,1.932227032,-6.136857143,0.985663998,1.668175568,0.414285714
LaCoO3,La,Co,TRUE,orthorhombic,3,3,1.36,1.03,0.61,1.1,1.88,2.689118757,1.930310969,-6.294571429,0.970952595,1.637165916,0.435714286
LaCrO3,La,Cr,TRUE,orthorhombic,3,3,1.36,1.03,0.62,1.1,1.66,2.689118757,1.960053288,-6.403142857,0.966145899,1.635497257,0.442857143
LaDyO3,La,Dy,FALSE,cubic,3,3,1.36,1.03,0.91,1.1,1.22,2.689118757,2.255580699,-7.057857143,0.844854855,3.697167475,0.65
LaErO3,La,Er,TRUE,orthorhombic,3,3,1.36,1.03,0.89,1.1,1.24,2.689118757,2.250676638,-7.013428571,0.8522335,3.384518324,0.635714286
LaEuO3,La,Eu,FALSE,cubic,3,3,1.36,1.03,0.95,1.1,1.2,2.689118757,2.354367494,-7.134857143,0.830474347,4.444142021,0.678571429
LaFeO3,La,Fe,TRUE,orthorhombic,3,3,1.36,1.03,0.65,1.1,1.83,2.689118757,1.999521816,-6.362357143,0.952007179,1.65607887,0.464285714
LaGaO3,La,Ga,TRUE,orthorhombic,3,3,1.36,1.03,0.62,1.1,1.81,2.689118757,1.974643898,-6.336714286,0.966145899,1.635497257,0.442857143
LaGdO3,La,Gd,FALSE,cubic,3,3,1.36,1.03,0.94,1.1,1.2,2.689118757,2.28415608,-7.118857143,0.834023383,4.240564637,0.671428571
LaGeO3,La,Ge,FALSE,rhombohedral,3,3,1.36,1.03,0.63,1.1,2.01,2.689118757,1.899964183,-6.258357143,0.96138656,1.638103726,0.45
LaHfO3,La,Hf,FALSE,orthorhombic,2,4,1.36,1.03,0.71,1.1,1.3,2.689118757,2.027412322,-6.700142857,0.924935884,3.865882087,0.507142857
LaHoO3,La,Ho,TRUE,orthorhombic,3,3,1.36,1.03,0.9,1.1,1.23,2.689118757,2.25865608,-7.035571429,0.848528137,3.536264945,0.642857143
LaInO3,La,In,TRUE,orthorhombic,3,3,1.36,1.03,0.8,1.1,1.78,2.689118757,2.147680955,-6.563428571,0.887097598,2.361248534,0.571428571
LaIrO3,La,Ir,FALSE,orthorhombic,3,3,1.36,1.03,0.68,1.1,2.2,2.689118757,2.009082787,-6.217142857,0.938276306,1.714993775,0.485714286
LaLuO3,La,Lu,TRUE,rhombohedral,3,3,1.36,1.03,0.86,1.1,1.27,2.689118757,2.209114963,-6.947857143,0.863546335,2.97943978,0.614285714
LaMnO3,La,Mn,TRUE,orthorhombic,3,3,1.36,1.03,0.65,1.1,1.55,2.689118757,2.16999357,-6.492357143,0.952007179,1.65607887,0.464285714
LaMoO3,La,Mo,FALSE,orthorhombic,3,3,1.36,1.03,0.69,1.1,2.16,2.689118757,1.7893,-6.245714286,0.933786945,1.743240294,0.492857143
LaNbO3,La,Nb,FALSE,orthorhombic,1,5,1.36,1.03,0.64,1.1,1.6,2.689118757,1.955055241,-6.456,0.95667388,4.006655603,0.457142857
LaNdO3,La,Nd,FALSE,cubic,3,3,1.36,1.03,0.98,1.1,1.14,2.689118757,2.320966993,-7.224857143,0.820006183,5.133561661,0.7
LaNiO3,La,Ni,TRUE,orthorhombic,3,3,1.36,1.03,0.6,1.1,1.91,2.689118757,2.103725488,-6.270571429,0.975807358,1.643139289,0.428571429
LaPbO3,La,Pb,FALSE,cubic,2,4,1.36,1.03,0.78,1.1,2.33,2.689118757,2.362863567,-6.233285714,0.895236108,4.067385882,0.557142857
LaPdO3,La,Pd,FALSE,orthorhombic,2,4,1.36,1.03,0.62,1.1,2.2,2.689118757,2.04250519,-6.164,0.966145899,3.843019677,0.442857143
LaReO3,La,Re,FALSE,cubic,3,3,1.36,1.03,0.63,1.1,1.9,2.689118757,1.98797081,-6.307857143,0.96138656,1.638103726,0.45
LaRhO3,La,Rh,TRUE,orthorhombic,3,3,1.36,1.03,0.67,1.1,2.28,2.689118757,2.001424352,-6.17,0.942809042,1.691073151,0.478571429
LaRuO3,La,Ru,TRUE,orthorhombic,3,3,1.36,1.03,0.68,1.1,2.2,2.689118757,2.018753288,-6.217142857,0.938276306,1.714993775,0.485714286
LaSbO3,La,Sb,FALSE,cubic,3,3,1.36,1.03,0.76,1.1,2.05,2.689118757,2.075848892,-6.369428571,0.903525332,2.067440009,0.542857143
LaScO3,La,Sc,TRUE,orthorhombic,3,3,1.36,1.03,0.75,1.1,1.36,2.689118757,2.074614707,-6.729142857,0.907727775,2.006961882,0.535714286
LaSmO3,La,Sm,FALSE,cubic,3,3,1.36,1.03,0.96,1.1,1.17,2.689118757,2.311832729,-7.171428571,0.826955388,4.66022342,0.685714286
LaSnO3,La,Sn,FALSE,cubic,2,4,1.36,1.03,0.69,1.1,1.96,2.689118757,2.052287148,-6.344285714,0.933786945,3.838488698,0.492857143
LaTaO3,La,Ta,FALSE,orthorhombic,1,5,1.36,1.03,0.64,1.1,1.5,2.689118757,1.956808277,-6.501714286,0.95667388,4.006655603,0.457142857
LaTbO3,La,Tb,FALSE,cubic,3,3,1.36,1.03,0.92,1.1,1.2,2.689118757,2.256932729,-7.086857143,0.84121324,3.867773593,0.657142857
LaTeO3,La,Te,FALSE,cubic,2,4,1.36,1.03,0.97,1.1,2.1,2.689118757,2.115491508,-6.543285714,0.823466125,5.740899995,0.692857143
LaThO3,La,Th,FALSE,cubic,2,4,1.36,1.03,0.94,1.1,1.3,2.689118757,2.246056043,-7.051714286,0.834023383,5.323496992,0.671428571
LaTiO3,La,Ti,TRUE,orthorhombic,3,3,1.36,1.03,0.67,1.1,1.54,2.689118757,1.927848949,-6.524142857,0.942809042,1.691073151,0.478571429
LaTlO3,La,Tl,FALSE,orthorhombic,3,3,1.36,1.03,0.89,1.1,1.62,2.689118757,2.297683747,-6.771857143,0.8522335,3.384518324,0.635714286
LaTmO3,La,Tm,TRUE,orthorhombic,3,3,1.36,1.03,0.88,1.1,1.25,2.689118757,2.119700811,-6.991428571,0.855971367,3.241428659,0.628571429
LaUO3,La,U,FALSE,cubic,1,5,1.36,1.03,0.76,1.1,1.38,2.689118757,2.0478,-6.733142857,0.903525332,3.917216845,0.542857143
LaVO3,La,V,TRUE,orthorhombic,3,3,1.36,1.03,0.64,1.1,1.63,2.689118757,1.758039163,-6.442285714,0.95667388,1.644966809,0.457142857
LaWO3,La,W,FALSE,orthorhombic,3,3,1.36,1.03,0.66,1.1,2.36,2.689118757,1.7456,-6.124,0.947385785,1.671443038,0.471428571
LaYO3,La,Y,FALSE,cubic,3,3,1.36,1.03,0.9,1.1,1.22,2.689118757,2.235124352,-7.042,0.848528137,3.536264945,0.642857143
LaYbO3,La,Yb,TRUE,cubic,3,3,1.36,1.03,0.87,1.1,1.1,2.689118757,2.223980699,-7.069,0.859742166,3.106540919,0.621428571
LaZrO3,La,Zr,FALSE,orthorhombic,3,3,1.36,1.03,0.72,1.1,1.33,2.689118757,2.043777903,-6.7,0.920572979,1.854455066,0.514285714
LiFeO3,Li,Fe,FALSE,orthorhombic,1,5,0.92,0.76,0.59,0.98,1.83,2.453211831,1.999521816,-4.555642857,0.824365695,4.882882609,0.421428571
LiReO3,Li,Re,FALSE,rhombohedral,1,5,0.92,0.76,0.58,0.98,1.9,2.453211831,1.98797081,-4.515142857,0.828529158,4.852011679,0.414285714
LiSbO3,Li,Sb,FALSE,rhombohedral,1,5,0.92,0.76,0.6,0.98,2.05,2.453211831,2.075848892,-4.472857143,0.820243866,4.920547752,0.428571429
LuAsO3,Lu,As,FALSE,cubic,3,3,1.03,0.86,0.58,1.27,2.18,2.500929926,1.932227032,-4.649357143,0.867812868,2.690680254,0.414285714
LuCoO3,Lu,Co,FALSE,orthorhombic,3,3,1.03,0.86,0.61,1.27,1.88,2.500929926,1.930310969,-4.807071429,0.854860437,2.964880997,0.435714286
LuCrO3,Lu,Cr,TRUE,orthorhombic,3,3,1.03,0.86,0.62,1.27,1.66,2.500929926,1.960053288,-4.915642857,0.850628455,3.076669632,0.442857143
LuFeO3,Lu,Fe,TRUE,orthorhombic,3,3,1.03,0.86,0.65,1.27,1.83,2.500929926,1.999521816,-4.874857143,0.838180233,3.480622904,0.464285714
LuGaO3,Lu,Ga,FALSE,orthorhombic,3,3,1.03,0.86,0.62,1.27,1.81,2.500929926,1.974643898,-4.849214286,0.850628455,3.076669632,0.442857143
LuGeO3,Lu,Ge,FALSE,cubic,3,3,1.03,0.86,0.63,1.27,2.01,2.500929926,1.899964183,-4.770857143,0.846438167,3.199478438,0.45
LuIrO3,Lu,Ir,FALSE,cubic,3,3,1.03,0.86,0.68,1.27,2.2,2.500929926,2.009082787,-4.729642857,0.826091095,4.002669215,0.485714286
LuMnO3,Lu,Mn,TRUE,orthorhombic,3,3,1.03,0.86,0.65,1.27,1.55,2.500929926,2.16999357,-5.004857143,0.838180233,3.480622904,0.464285714
LuMoO3,Lu,Mo,FALSE,cubic,3,3,1.03,0.86,0.69,1.27,2.16,2.500929926,1.7893,-4.758214286,0.822138506,4.207241977,0.492857143
LuNiO3,Lu,Ni,FALSE,orthorhombic,3,3,1.03,0.86,0.6,1.27,1.91,2.500929926,2.103725488,-4.783071429,0.859134739,2.863585784,0.428571429
LuReO3,Lu,Re,FALSE,cubic,3,3,1.03,0.86,0.63,1.27,1.9,2.500929926,1.98797081,-4.820357143,0.846438167,3.199478438,0.45
LuRhO3,Lu,Rh,FALSE,cubic,3,3,1.03,0.86,0.67,1.27,2.28,2.500929926,2.001424352,-4.6825,0.830081874,3.814087726,0.478571429
LuRuO3,Lu,Ru,FALSE,cubic,3,3,1.03,0.86,0.68,1.27,2.2,2.500929926,2.018753288,-4.729642857,0.826091095,4.002669215,0.485714286
LuTiO3,Lu,Ti,TRUE,orthorhombic,3,3,1.03,0.86,0.67,1.27,1.54,2.500929926,1.927848949,-5.036642857,0.830081874,3.814087726,0.478571429
LuVO3,Lu,V,FALSE,cubic,3,3,1.03,0.86,0.64,1.27,1.63,2.500929926,1.758039163,-4.954785714,0.84228896,3.333904436,0.457142857
LuWO3,Lu,W,FALSE,cubic,3,3,1.03,0.86,0.66,1.27,2.36,2.500929926,1.7456,-4.6365,0.834111397,3.640396778,0.471428571
MnFeO3,Mn,Fe,FALSE,orthorhombic,2,4,0.96,0.62,0.59,1.55,1.83,2.472898888,1.999521816,-4.333357143,0.838578896,5.057691222,0.421428571
MnIrO3,Mn,Ir,FALSE,cubic,2,4,0.96,0.62,0.63,1.55,2.2,2.472898888,2.009082787,-4.212857143,0.822055174,5.457553712,0.45
MnPdO3,Mn,Pd,FALSE,cubic,2,4,0.96,0.62,0.62,1.55,2.2,2.472898888,2.04250519,-4.204,0.826124754,5.341038905,0.442857143
MnReO3,Mn,Re,FALSE,orthorhombic,2,4,0.96,0.62,0.63,1.55,1.9,2.472898888,1.98797081,-4.347857143,0.822055174,5.457553712,0.45
MnRhO3,Mn,Rh,FALSE,cubic,2,4,0.96,0.62,0.6,1.55,2.28,2.472898888,2.001424352,-4.152,0.834386002,5.141791398,0.428571429
MnRuO3,Mn,Ru,FALSE,orthorhombic,2,4,0.96,0.62,0.62,1.55,2.2,2.472898888,2.018753288,-4.204,0.826124754,5.341038905,0.442857143
MnSbO3,Mn,Sb,FALSE,cubic,1,5,0.96,0.62,0.6,1.55,2.05,2.472898888,2.075848892,-4.250571429,0.834386002,4.737562366,0.428571429
MnTiO3,Mn,Ti,FALSE,orthorhombic,2,4,0.96,0.62,0.61,1.55,1.54,2.472898888,1.927848949,-4.482714286,0.830234828,5.236028332,0.435714286
MnVO3,Mn,V,FALSE,orthorhombic,2,4,0.96,0.62,0.58,1.55,1.63,2.472898888,1.758039163,-4.404714286,0.842814143,4.98317352,0.414285714
NaBiO3,Na,Bi,FALSE,orthorhombic,1,5,1.39,1.02,0.76,0.93,2.02,2.759925005,2.215655462,-6.678357143,0.913346259,3.871464876,0.542857143
NaMoO3,Na,Mo,FALSE,cubic,1,5,1.39,1.02,0.61,0.93,2.16,2.759925005,1.7893,-6.465214286,0.981506428,4.061823509,0.435714286
NaNbO3,Na,Nb,TRUE,orthorhombic,1,5,1.39,1.02,0.64,0.93,1.6,2.759925005,1.955055241,-6.748642857,0.96707251,3.987784455,0.457142857
NaReO3,Na,Re,FALSE,cubic,1,5,1.39,1.02,0.58,0.93,1.9,2.759925005,1.98797081,-6.5455,0.996377737,4.155746119,0.414285714
NaSbO3,Na,Sb,FALSE,orthorhombic,1,5,1.39,1.02,0.6,0.93,2.05,2.759925005,2.075848892,-6.503214286,0.98641396,4.090845149,0.428571429
NaTaO3,Na,Ta,TRUE,orthorhombic,1,5,1.39,1.02,0.64,0.93,1.5,2.759925005,1.956808277,-6.794357143,0.96707251,3.987784455,0.457142857
NaUO3,Na,U,TRUE,orthorhombic,1,5,1.39,1.02,0.76,0.93,1.38,2.759925005,2.0478,-7.025785714,0.913346259,3.871464876,0.542857143
NaWO3,Na,W,TRUE,cubic,1,5,1.39,1.02,0.62,0.93,2.36,2.759925005,1.7456,-6.385785714,0.976647485,4.035006992,0.442857143
NdAgO3,Nd,Ag,FALSE,orthorhombic,3,3,1.27,0.98,0.75,1.14,1.93,2.617633987,2.488353231,-6.015928571,0.878127956,2.511644654,0.535714286
NdAsO3,Nd,As,FALSE,cubic,3,3,1.27,0.98,0.58,1.14,2.18,2.617633987,1.932227032,-5.729,0.953522781,1.795311662,0.414285714
NdCeO3,Nd,Ce,FALSE,cubic,2,4,1.35,0.98,0.87,1.14,1.12,2.617633987,2.268642439,-6.976714286,0.856627158,4.672654149,0.621428571
NdCoO3,Nd,Co,TRUE,orthorhombic,3,3,1.27,0.98,0.61,1.14,1.88,2.617633987,1.930310969,-5.886714286,0.939291097,1.812454148,0.435714286
NdCrO3,Nd,Cr,TRUE,orthorhombic,3,3,1.27,0.98,0.62,1.14,1.66,2.617633987,1.960053288,-5.995285714,0.934641141,1.828091905,0.442857143
NdErO3,Nd,Er,FALSE,cubic,3,3,1.27,0.98,0.89,1.14,1.24,2.617633987,2.250676638,-6.605571429,0.824443278,4.613225655,0.635714286
NdFeO3,Nd,Fe,TRUE,orthorhombic,3,3,1.27,0.98,0.65,1.14,1.83,2.617633987,1.999521816,-5.9545,0.920963466,1.90502571,0.464285714
NdGaO3,Nd,Ga,TRUE,orthorhombic,3,3,1.27,0.98,0.62,1.14,1.81,2.617633987,1.974643898,-5.928857143,0.934641141,1.828091905,0.442857143
NdHfO3,Nd,Hf,FALSE,orthorhombic,2,4,1.35,0.98,0.71,1.14,1.3,2.617633987,2.027412322,-6.620285714,0.921584667,3.889738042,0.507142857
NdHoO3,Nd,Ho,FALSE,cubic,3,3,1.27,0.98,0.9,1.14,1.23,2.617633987,2.25865608,-6.627714286,0.820858742,4.848270278,0.642857143
NdInO3,Nd,In,TRUE,orthorhombic,3,3,1.27,0.98,0.8,1.14,1.78,2.617633987,2.147680955,-6.155571429,0.858170503,3.054862698,0.571428571
NdIrO3,Nd,Ir,FALSE,orthorhombic,2,4,1.35,0.98,0.63,1.14,2.2,2.617633987,2.009082787,-6.093,0.957903275,3.845485656,0.45
NdLuO3,Nd,Lu,FALSE,orthorhombic,3,3,1.27,0.98,0.86,1.14,1.27,2.617633987,2.209114963,-6.54,0.835387215,3.992146004,0.614285714
NdMnO3,Nd,Mn,TRUE,orthorhombic,3,3,1.27,0.98,0.65,1.14,1.55,2.617633987,2.16999357,-6.0845,0.920963466,1.90502571,0.464285714
NdMoO3,Nd,Mo,FALSE,orthorhombic,2,4,1.35,0.98,0.65,1.14,2.16,2.617633987,1.7893,-6.129285714,0.948557877,3.837136818,0.464285714
NdNbO3,Nd,Nb,FALSE,orthorhombic,2,4,1.35,0.98,0.68,1.14,1.6,2.617633987,1.955055241,-6.428714286,0.934876754,3.848818981,0.485714286
NdNiO3,Nd,Ni,TRUE,orthorhombic,3,3,1.27,0.98,0.6,1.14,1.91,2.617633987,2.103725488,-5.862714286,0.943987553,1.8017781,0.428571429
NdPbO3,Nd,Pb,FALSE,cubic,2,4,1.35,0.98,0.78,1.14,2.33,2.617633987,2.362863567,-6.153428571,0.891992499,4.105030948,0.557142857
NdPdO3,Nd,Pd,FALSE,orthorhombic,2,4,1.35,0.98,0.62,1.14,2.2,2.617633987,2.04250519,-6.084142857,0.96264537,3.854533671,0.442857143
NdPrO3,Nd,Pr,FALSE,cubic,2,4,1.35,0.98,0.85,1.14,1.13,2.617633987,2.340791612,-6.9375,0.864241621,4.513269549,0.607142857
NdReO3,Nd,Re,FALSE,cubic,3,3,1.27,0.98,0.63,1.14,1.9,2.617633987,1.98797081,-5.9,0.930036998,1.84870919,0.45
NdRhO3,Nd,Rh,TRUE,orthorhombic,2,4,1.35,0.98,0.6,1.14,2.28,2.617633987,2.001424352,-6.032142857,0.972271824,3.882516124,0.428571429
NdRuO3,Nd,Ru,FALSE,orthorhombic,2,4,1.35,0.98,0.62,1.14,2.2,2.617633987,2.018753288,-6.084142857,0.96264537,3.854533671,0.442857143
NdSbO3,Nd,Sb,FALSE,cubic,3,3,1.27,0.98,0.76,1.14,2.05,2.617633987,2.075848892,-5.961571429,0.874062549,2.605707013,0.542857143
NdScO3,Nd,Sc,TRUE,orthorhombic,3,3,1.27,0.98,0.75,1.14,1.36,2.617633987,2.074614707,-6.321285714,0.878127956,2.511644654,0.535714286
NdSnO3,Nd,Sn,FALSE,cubic,2,4,1.35,0.98,0.69,1.14,1.96,2.617633987,2.052287148,-6.264428571,0.930403659,3.859182837,0.492857143
NdTaO3,Nd,Ta,FALSE,orthorhombic,2,4,1.35,0.98,0.68,1.14,1.5,2.617633987,1.956808277,-6.477285714,0.934876754,3.848818981,0.485714286
NdTbO3,Nd,Tb,FALSE,cubic,2,4,1.35,0.98,0.76,1.14,1.2,2.617633987,2.256932729,-6.751,0.900251689,4.025526237,0.542857143
NdTeO3,Nd,Te,FALSE,cubic,2,4,1.35,0.98,0.97,1.14,2.1,2.617633987,2.115491508,-6.463428571,0.820482552,5.863776817,0.692857143
NdThO3,Nd,Th,FALSE,cubic,2,4,1.35,0.98,0.94,1.14,1.3,2.617633987,2.246056043,-6.971857143,0.831001559,5.424442248,0.671428571
NdTiO3,Nd,Ti,TRUE,orthorhombic,2,4,1.35,0.98,0.61,1.14,1.54,2.617633987,1.927848949,-6.362857143,0.967434651,3.866864966,0.435714286
NdTlO3,Nd,Tl,FALSE,orthorhombic,3,3,1.27,0.98,0.89,1.14,1.62,2.617633987,2.297683747,-6.364,0.824443278,4.613225655,0.635714286
NdTmO3,Nd,Tm,FALSE,cubic,3,3,1.27,0.98,0.88,1.14,1.25,2.617633987,2.119700811,-6.583571429,0.828059257,4.392850606,0.628571429
NdUO3,Nd,U,FALSE,cubic,2,4,1.35,0.98,0.89,1.14,1.38,2.617633987,2.0478,-6.844571429,0.849145698,4.854426402,0.635714286
NdVO3,Nd,V,TRUE,orthorhombic,3,3,1.27,0.98,0.64,1.14,1.63,2.617633987,1.758039163,-6.034428571,0.925477993,1.874338211,0.457142857
NdWO3,Nd,W,FALSE,cubic,2,4,1.35,0.98,0.66,1.14,2.36,2.617633987,1.7456,-6.044142857,0.943953227,3.83780596,0.471428571
NdYO3,Nd,Y,FALSE,cubic,3,3,1.27,0.98,0.9,1.14,1.22,2.617633987,2.235124352,-6.634142857,0.820858742,4.848270278,0.642857143
NdYbO3,Nd,Yb,FALSE,cubic,3,3,1.27,0.98,0.87,1.14,1.1,2.617633987,2.223980699,-6.661142857,0.831707095,4.186128612,0.621428571
NdZrO3,Nd,Zr,FALSE,orthorhombic,2,4,1.35,0.98,0.72,1.14,1.33,2.617633987,2.043777903,-6.620142857,0.91723757,3.91000019,0.514285714
PbCeO3,Pb,Ce,FALSE,cubic,2,4,1.49,0.99,0.87,2.33,1.12,2.659877134,2.268642439,-6.284214286,0.900237268,3.975448648,0.621428571
PbFeO3,Pb,Fe,FALSE,orthorhombic,2,4,1.49,0.99,0.59,2.33,1.83,2.659877134,1.999521816,-5.521,1.026903818,3.824952968,0.421428571
PbHfO3,Pb,Hf,TRUE,orthorhombic,2,4,1.49,0.99,0.71,2.33,1.3,2.659877134,2.027412322,-5.927785714,0.968501705,3.634009839,0.507142857
PbIrO3,Pb,Ir,FALSE,orthorhombic,2,4,1.49,0.99,0.63,2.33,2.2,2.659877134,2.009082787,-5.4005,1.00666926,3.717221177,0.45
PbMoO3,Pb,Mo,FALSE,tetragonal,2,4,1.49,0.99,0.65,2.33,2.16,2.659877134,1.7893,-5.436785714,0.996848096,3.680415313,0.464285714
PbNbO3,Pb,Nb,FALSE,orthorhombic,2,4,1.49,0.99,0.68,2.33,1.6,2.659877134,1.955055241,-5.736214286,0.98247048,3.645434052,0.485714286
PbPdO3,Pb,Pd,FALSE,orthorhombic,2,4,1.49,0.99,0.62,2.33,2.2,2.659877134,2.04250519,-5.391642857,1.011652771,3.739800677,0.442857143
PbPrO3,Pb,Pr,FALSE,cubic,2,4,1.49,0.99,0.85,2.33,1.13,2.659877134,2.340791612,-6.245,0.908239377,3.893118461,0.607142857
PbReO3,Pb,Re,FALSE,cubic,2,4,1.49,0.99,0.63,2.33,1.9,2.659877134,1.98797081,-5.5355,1.00666926,3.717221177,0.45
PbRhO3,Pb,Rh,FALSE,orthorhombic,2,4,1.49,0.99,0.6,2.33,2.28,2.659877134,2.001424352,-5.339642857,1.021769299,3.793598445,0.428571429
PbRuO3,Pb,Ru,FALSE,orthorhombic,2,4,1.49,0.99,0.62,2.33,2.2,2.659877134,2.018753288,-5.391642857,1.011652771,3.739800677,0.442857143
PbSbO3,Pb,Sb,FALSE,orthorhombic,2,4,1.49,0.99,0.68,2.33,2.05,2.659877134,2.075848892,-5.517642857,0.98247048,3.645434052,0.485714286
PbSnO3,Pb,Sn,FALSE,rhombohedral,2,4,1.49,0.99,0.69,2.33,1.96,2.659877134,2.052287148,-5.571928571,0.977769664,3.639036549,0.492857143
PbTaO3,Pb,Ta,FALSE,rhombohedral,2,4,1.49,0.99,0.68,2.33,1.5,2.659877134,1.956808277,-5.784785714,0.98247048,3.645434052,0.485714286
PbTbO3,Pb,Tb,FALSE,orthorhombic,2,4,1.49,0.99,0.76,2.33,1.2,2.659877134,2.256932729,-6.0585,0.946082684,3.666491946,0.542857143
PbTeO3,Pb,Te,FALSE,tetragonal,2,4,1.49,0.99,0.97,2.33,2.1,2.659877134,2.115491508,-5.770928571,0.862252573,4.600596498,0.692857143
PbThO3,Pb,Th,FALSE,orthorhombic,2,4,1.49,0.99,0.94,2.33,1.3,2.659877134,2.246056043,-6.279357143,0.873307093,4.371381196,0.671428571
PbTiO3,Pb,Ti,TRUE,tetragonal,2,4,1.49,0.99,0.61,2.33,1.54,2.659877134,1.927848949,-5.670357143,1.016685869,3.765238332,0.435714286
PbUO3,Pb,U,FALSE,orthorhombic,2,4,1.49,0.99,0.89,2.33,1.38,2.659877134,2.0478,-6.152071429,0.892374933,4.070705054,0.635714286
PbVO3,Pb,V,FALSE,tetragonal,2,4,1.49,0.99,0.58,2.33,1.63,2.659877134,1.758039163,-5.592357143,1.032090201,3.859381963,0.414285714
PbWO3,Pb,W,FALSE,cubic,2,4,1.49,0.99,0.66,2.33,2.36,2.659877134,1.7456,-5.351642857,0.992009028,3.666095201,0.471428571
PbZrO3,Pb,Zr,TRUE,orthorhombic,2,4,1.49,0.99,0.72,2.33,1.33,2.659877134,2.043777903,-5.927642857,0.963933301,3.635358295,0.514285714
PrAgO3,Pr,Ag,FALSE,orthorhombic,3,3,1.18,0.92,0.75,1.13,1.93,2.645083225,2.488353231,-5.655357143,0.848528137,3.281574739,0.535714286
PrAsO3,Pr,As,FALSE,orthorhombic,3,3,1.18,0.92,0.58,1.13,2.18,2.645083225,1.932227032,-5.368428571,0.921381563,2.007274753,0.414285714
PrCoO3,Pr,Co,TRUE,orthorhombic,3,3,1.18,0.92,0.61,1.13,1.88,2.645083225,1.930310969,-5.526142857,0.9076296,2.090450333,0.435714286
PrCrO3,Pr,Cr,TRUE,orthorhombic,3,3,1.18,0.92,0.62,1.13,1.66,2.645083225,1.960053288,-5.634714286,0.903136384,2.130219431,0.442857143
PrFeO3,Pr,Fe,TRUE,orthorhombic,3,3,1.18,0.92,0.65,1.13,1.83,2.645083225,1.999521816,-5.593928571,0.889919754,2.287131426,0.464285714
PrGaO3,Pr,Ga,TRUE,orthorhombic,3,3,1.18,0.92,0.62,1.13,1.81,2.645083225,1.974643898,-5.568285714,0.903136384,2.130219431,0.442857143
PrGeO3,Pr,Ge,FALSE,orthorhombic,3,3,1.18,0.92,0.63,1.13,2.01,2.645083225,1.899964183,-5.489928571,0.898687436,2.176167775,0.45
PrHfO3,Pr,Hf,FALSE,orthorhombic,3,3,1.18,0.92,0.71,1.13,1.3,2.645083225,2.027412322,-5.931714286,0.864613979,2.786533542,0.507142857
PrInO3,Pr,In,FALSE,orthorhombic,3,3,1.18,0.92,0.8,1.13,1.78,2.645083225,2.147680955,-5.795,0.829243407,4.135331361,0.571428571
PrIrO3,Pr,Ir,FALSE,orthorhombic,3,3,1.18,0.92,0.68,1.13,2.2,2.645083225,2.009082787,-5.448714286,0.877084373,2.503853194,0.485714286
PrMnO3,Pr,Mn,TRUE,orthorhombic,3,3,1.18,0.92,0.65,1.13,1.55,2.645083225,2.16999357,-5.723928571,0.889919754,2.287131426,0.464285714
PrMoO3,Pr,Mo,FALSE,orthorhombic,3,3,1.18,0.92,0.69,1.13,2.16,2.645083225,1.7893,-5.477285714,0.872887797,2.590379445,0.492857143
PrNbO3,Pr,Nb,FALSE,orthorhombic,3,3,1.18,0.92,0.72,1.13,1.6,2.645083225,1.955055241,-5.792714286,0.860535611,2.896838155,0.514285714
PrNiO3,Pr,Ni,TRUE,orthorhombic,3,3,1.18,0.92,0.6,1.13,1.91,2.645083225,2.103725488,-5.502142857,0.912167748,2.056755661,0.428571429
PrPdO3,Pr,Pd,FALSE,orthorhombic,2,4,1.18,0.92,0.62,1.13,2.2,2.645083225,2.04250519,-5.395571429,0.903136384,4.172834459,0.442857143
PrReO3,Pr,Re,FALSE,cubic,3,3,1.18,0.92,0.63,1.13,1.9,2.645083225,1.98797081,-5.539428571,0.898687436,2.176167775,0.45
PrRhO3,Pr,Rh,TRUE,orthorhombic,3,3,1.18,0.92,0.67,1.13,2.28,2.645083225,2.001424352,-5.401571429,0.881321495,2.424634788,0.478571429
PrRuO3,Pr,Ru,TRUE,orthorhombic,3,3,1.18,0.92,0.68,1.13,2.2,2.645083225,2.018753288,-5.448714286,0.877084373,2.503853194,0.485714286
PrSbO3,Pr,Sb,FALSE,cubic,3,3,1.18,0.92,0.76,1.13,2.05,2.645083225,2.075848892,-5.601,0.844599766,3.429401867,0.542857143
PrScO3,Pr,Sc,TRUE,orthorhombic,3,3,1.18,0.92,0.75,1.13,1.36,2.645083225,2.074614707,-5.960714286,0.848528137,3.281574739,0.535714286
PrSnO3,Pr,Sn,FALSE,cubic,3,3,1.18,0.92,0.69,1.13,1.96,2.645083225,2.052287148,-5.575857143,0.872887797,2.590379445,0.492857143
PrTaO3,Pr,Ta,FALSE,orthorhombic,3,3,1.18,0.92,0.72,1.13,1.5,2.645083225,1.956808277,-5.844142857,0.860535611,2.896838155,0.514285714
PrTiO3,Pr,Ti,TRUE,orthorhombic,3,3,1.18,0.92,0.67,1.13,1.54,2.645083225,1.927848949,-5.755714286,0.881321495,2.424634788,0.478571429
PrVO3,Pr,V,TRUE,orthorhombic,3,3,1.18,0.92,0.64,1.13,1.63,2.645083225,1.758039163,-5.673857143,0.894282106,2.228421979,0.457142857
PrWO3,Pr,W,FALSE,orthorhombic,3,3,1.18,0.92,0.66,1.13,2.36,2.645083225,1.7456,-5.355571429,0.885599755,2.352469455,0.471428571
PrZrO3,Pr,Zr,FALSE,orthorhombic,3,3,1.18,0.92,0.72,1.13,1.33,2.645083225,2.043777903,-5.931571429,0.860535611,2.896838155,0.514285714
RbBiO3,Rb,Bi,FALSE,cubic,1,5,1.72,1.52,0.76,0.82,2.02,3.112266446,2.215655462,-8.216,1.021376462,3.612998482,0.542857143
RbMoO3,Rb,Mo,FALSE,rhombohedral,1,5,1.72,1.52,0.61,0.82,2.16,3.112266446,1.7893,-8.002857143,1.097598586,4.015143769,0.435714286
RbNbO3,Rb,Nb,FALSE,tetragonal,1,5,1.72,1.52,0.64,0.82,1.6,3.112266446,1.955055241,-8.286285714,1.08145743,3.905959465,0.457142857
RbTaO3,Rb,Ta,FALSE,tetragonal,1,5,1.72,1.52,0.64,0.82,1.5,3.112266446,1.956808277,-8.332,1.08145743,3.905959465,0.457142857
RbUO3,Rb,U,TRUE,rhombohedral,1,5,1.72,1.52,0.76,0.82,1.38,3.112266446,2.0478,-8.563428571,1.021376462,3.612998482,0.542857143
RbWO3,Rb,W,FALSE,orthorhombic,1,5,1.72,1.52,0.62,0.82,2.36,3.112266446,1.7456,-7.923428571,1.092164929,3.976902278,0.442857143
SmAsO3,Sm,As,FALSE,cubic,3,3,1.24,0.96,0.58,1.17,2.18,2.611965458,1.932227032,-5.579428571,0.942809042,1.854787655,0.414285714
SmCeO3,Sm,Ce,FALSE,cubic,2,4,1.32,0.96,0.87,1.17,1.12,2.611965458,2.268642439,-6.825428571,0.847282134,4.88798614,0.621428571
SmCoO3,Sm,Co,TRUE,orthorhombic,3,3,1.24,0.96,0.61,1.17,1.88,2.611965458,1.930310969,-5.737142857,0.928737265,1.891493655,0.435714286
SmCrO3,Sm,Cr,TRUE,orthorhombic,3,3,1.24,0.96,0.62,1.17,1.66,2.611965458,1.960053288,-5.845714286,0.924139556,1.914234761,0.442857143
SmFeO3,Sm,Fe,TRUE,orthorhombic,3,3,1.24,0.96,0.65,1.17,1.83,2.611965458,1.999521816,-5.804928571,0.910615562,2.014548224,0.464285714
SmGaO3,Sm,Ga,FALSE,orthorhombic,3,3,1.24,0.96,0.62,1.17,1.81,2.611965458,1.974643898,-5.779285714,0.924139556,1.914234761,0.442857143
SmHfO3,Sm,Hf,FALSE,orthorhombic,2,4,1.32,0.96,0.71,1.17,1.3,2.611965458,2.027412322,-6.469,0.911531017,3.967924635,0.507142857
SmIrO3,Sm,Ir,FALSE,cubic,2,4,1.32,0.96,0.63,1.17,2.2,2.611965458,2.009082787,-5.941714286,0.947453421,3.887575792,0.45
SmMoO3,Sm,Mo,FALSE,orthorhombic,2,4,1.32,0.96,0.65,1.17,2.16,2.611965458,1.7893,-5.978,0.938209973,3.887124603,0.464285714
SmNbO3,Sm,Nb,FALSE,orthorhombic,2,4,1.32,0.96,0.68,1.17,1.6,2.611965458,1.955055241,-6.277428571,0.924678098,3.91196206,0.485714286
SmNiO3,Sm,Ni,TRUE,orthorhombic,3,3,1.24,0.96,0.6,1.17,1.91,2.611965458,2.103725488,-5.713142857,0.933380951,1.874019331,0.428571429
SmPbO3,Sm,Pb,FALSE,cubic,2,4,1.32,0.96,0.78,1.17,2.33,2.611965458,2.362863567,-6.002142857,0.882261672,4.22836315,0.557142857
SmPdO3,Sm,Pd,FALSE,orthorhombic,2,4,1.32,0.96,0.62,1.17,2.2,2.611965458,2.04250519,-5.932857143,0.952143785,3.892902993,0.442857143
SmPrO3,Sm,Pr,FALSE,cubic,2,4,1.32,0.96,0.85,1.17,1.13,2.611965458,2.340791612,-6.786214286,0.854813531,4.703466077,0.607142857
SmReO3,Sm,Re,FALSE,cubic,2,4,1.32,0.96,0.63,1.17,1.9,2.611965458,1.98797081,-6.076714286,0.947453421,3.887575792,0.45
SmRhO3,Sm,Rh,TRUE,orthorhombic,2,4,1.32,0.96,0.6,1.17,2.28,2.611965458,2.001424352,-5.880857143,0.961665222,3.91385071,0.428571429
SmRuO3,Sm,Ru,FALSE,orthorhombic,2,4,1.32,0.96,0.62,1.17,2.2,2.611965458,2.018753288,-5.932857143,0.952143785,3.892902993,0.442857143
SmSbO3,Sm,Sb,FALSE,cubic,3,3,1.24,0.96,0.76,1.17,2.05,2.611965458,2.075848892,-5.812,0.864241621,2.840582612,0.542857143
SmSnO3,Sm,Sn,FALSE,cubic,2,4,1.32,0.96,0.69,1.17,1.96,2.611965458,2.052287148,-6.113142857,0.920253801,3.927110961,0.492857143
SmTaO3,Sm,Ta,FALSE,cubic,2,4,1.32,0.96,0.68,1.17,1.5,2.611965458,1.956808277,-6.326,0.924678098,3.91196206,0.485714286
SmTbO3,Sm,Tb,FALSE,cubic,2,4,1.32,0.96,0.76,1.17,1.2,2.611965458,2.256932729,-6.599714286,0.890430761,4.134229687,0.542857143
SmThO3,Sm,Th,FALSE,cubic,2,4,1.32,0.96,0.94,1.17,1.3,2.611965458,2.246056043,-6.820571429,0.821936088,5.761678554,0.671428571
SmTiO3,Sm,Ti,TRUE,orthorhombic,2,4,1.32,0.96,0.61,1.17,1.54,2.611965458,1.927848949,-6.211571429,0.956880818,3.901652172,0.435714286
SmUO3,Sm,U,FALSE,cubic,2,4,1.32,0.96,0.89,1.17,1.38,2.611965458,2.0478,-6.693285714,0.83988229,5.098531848,0.635714286
SmVO3,Sm,V,TRUE,orthorhombic,2,4,1.32,0.96,0.58,1.17,1.63,2.611965458,1.758039163,-6.133571429,0.971379013,3.948753656,0.414285714
SmWO3,Sm,W,FALSE,cubic,2,4,1.32,0.96,0.66,1.17,2.36,2.611965458,1.7456,-5.892857143,0.933655556,3.891992285,0.471428571
SmZrO3,Sm,Zr,FALSE,orthorhombic,2,4,1.32,0.96,0.72,1.17,1.33,2.611965458,2.043777903,-6.468857143,0.907231342,3.993693878,0.514285714
SrCeO3,Sr,Ce,TRUE,orthorhombic,2,4,1.44,1.18,0.87,0.95,1.12,2.768350558,2.268642439,-7.541142857,0.884662228,4.178575819,0.621428571
SrFeO3,Sr,Fe,FALSE,orthorhombic,2,4,1.44,1.18,0.59,0.95,1.83,2.768350558,1.999521816,-6.777928571,1.009137316,3.843561641,0.421428571
SrHfO3,Sr,Hf,TRUE,orthorhombic,2,4,1.44,1.18,0.71,0.95,1.3,2.768350558,2.027412322,-7.184714286,0.95174562,3.708143114,0.507142857
SrIrO3,Sr,Ir,TRUE,orthorhombic,2,4,1.44,1.18,0.63,0.95,2.2,2.768350558,2.009082787,-6.657428571,0.989252837,3.752096492,0.45
SrMoO3,Sr,Mo,TRUE,orthorhombic,2,4,1.44,1.18,0.65,0.95,2.16,2.768350558,1.7893,-6.693714286,0.97960159,3.724155731,0.464285714
SrNbO3,Sr,Nb,TRUE,orthorhombic,2,4,1.44,1.18,0.68,0.95,1.6,2.768350558,1.955055241,-6.993142857,0.96547272,3.703582344,0.485714286
SrPbO3,Sr,Pb,TRUE,orthorhombic,2,4,1.44,1.18,0.78,0.95,2.33,2.768350558,2.362863567,-6.717857143,0.921184981,3.817185863,0.557142857
SrPdO3,Sr,Pd,FALSE,orthorhombic,2,4,1.44,1.18,0.62,0.95,2.2,2.768350558,2.04250519,-6.648571429,0.994150128,3.770438459,0.442857143
SrPrO3,Sr,Pr,FALSE,orthorhombic,2,4,1.44,1.18,0.85,0.95,1.13,2.768350558,2.340791612,-7.501928571,0.892525893,4.074371523,0.607142857
SrReO3,Sr,Re,FALSE,rhombohedral,2,4,1.44,1.18,0.63,0.95,1.9,2.768350558,1.98797081,-6.792428571,0.989252837,3.752096492,0.45
SrRhO3,Sr,Rh,FALSE,orthorhombic,2,4,1.44,1.18,0.6,0.95,2.28,2.768350558,2.001424352,-6.596571429,1.004091629,3.816110496,0.428571429
SrRuO3,Sr,Ru,TRUE,orthorhombic,2,4,1.44,1.18,0.62,0.95,2.2,2.768350558,2.018753288,-6.648571429,0.994150128,3.770438459,0.442857143
SrSnO3,Sr,Sn,TRUE,orthorhombic,2,4,1.44,1.18,0.69,0.95,1.96,2.768350558,2.052287148,-6.828857143,0.960853234,3.702323136,0.492857143
SrTaO3,Sr,Ta,FALSE,orthorhombic,2,4,1.44,1.18,0.68,0.95,1.5,2.768350558,1.956808277,-7.041714286,0.96547272,3.703582344,0.485714286
SrTbO3,Sr,Tb,FALSE,orthorhombic,2,4,1.44,1.18,0.76,0.95,1.2,2.768350558,2.256932729,-7.315428571,0.929714472,3.771682039,0.542857143
SrTeO3,Sr,Te,FALSE,rhombohedral,2,4,1.44,1.18,0.97,0.95,2.1,2.768350558,2.115491508,-7.027857143,0.847334708,4.95799075,0.692857143
SrThO3,Sr,Th,FALSE,orthorhombic,2,4,1.44,1.18,0.94,0.95,1.3,2.768350558,2.246056043,-7.536285714,0.858197974,4.672707003,0.671428571
SrTiO3,Sr,Ti,TRUE,rhombohedral,2,4,1.44,1.18,0.61,0.95,1.54,2.768350558,1.927848949,-6.927285714,0.999096149,3.791757613,0.435714286
SrUO3,Sr,U,TRUE,orthorhombic,2,4,1.44,1.18,0.89,0.95,1.38,2.768350558,2.0478,-7.409,0.876935921,4.298117259,0.635714286
SrVO3,Sr,V,TRUE,orthorhombic,2,4,1.44,1.18,0.58,0.95,1.63,2.768350558,1.758039163,-6.849285714,1.014233969,3.874183993,0.414285714
SrWO3,Sr,W,FALSE,cubic,2,4,1.44,1.18,0.66,0.95,2.36,2.768350558,1.7456,-6.608571429,0.974846242,3.714480722,0.471428571
SrZrO3,Sr,Zr,TRUE,orthorhombic,2,4,1.44,1.18,0.72,0.95,1.33,2.768350558,2.043777903,-7.184571429,0.947256254,3.715224608,0.514285714
TbAsO3,Tb,As,FALSE,cubic,3,3,1.1,0.84,0.58,1.2,2.18,2.557065458,1.932227032,-4.984857143,0.892811592,2.303360448,0.414285714
TbCoO3,Tb,Co,TRUE,orthorhombic,3,3,1.1,0.84,0.61,1.2,1.88,2.557065458,1.930310969,-5.142571429,0.879486046,2.470415093,0.435714286
TbCrO3,Tb,Cr,TRUE,orthorhombic,3,3,1.1,0.84,0.62,1.2,1.66,2.557065458,1.960053288,-5.251142857,0.875132155,2.541430623,0.442857143
TbFeO3,Tb,Fe,TRUE,orthorhombic,3,3,1.1,0.84,0.65,1.2,1.83,2.557065458,1.999521816,-5.210357143,0.862325343,2.804083187,0.464285714
TbGaO3,Tb,Ga,FALSE,orthorhombic,3,3,1.1,0.84,0.62,1.2,1.81,2.557065458,1.974643898,-5.184714286,0.875132155,2.541430623,0.442857143
TbHfO3,Tb,Hf,FALSE,orthorhombic,2,4,1.1,0.84,0.71,1.2,1.3,2.557065458,2.027412322,-5.548142857,0.837804243,5.049464814,0.507142857
TbMnO3,Tb,Mn,TRUE,orthorhombic,3,3,1.1,0.84,0.65,1.2,1.55,2.557065458,2.16999357,-5.340357143,0.862325343,2.804083187,0.464285714
TbMoO3,Tb,Mo,FALSE,cubic,1,5,1.1,0.84,0.61,1.2,2.16,2.557065458,1.7893,-5.020571429,0.879486046,4.353526343,0.435714286
TbNbO3,Tb,Nb,FALSE,cubic,1,5,1.1,0.84,0.64,1.2,1.6,2.557065458,1.955055241,-5.304,0.866552428,4.360983427,0.457142857
TbNiO3,Tb,Ni,FALSE,orthorhombic,3,3,1.1,0.84,0.6,1.2,1.91,2.557065458,2.103725488,-5.118571429,0.883883476,2.407207484,0.428571429
TbPdO3,Tb,Pd,FALSE,orthorhombic,2,4,1.1,0.84,0.62,1.2,2.2,2.557065458,2.04250519,-5.012,0.875132155,4.446975254,0.442857143
TbReO3,Tb,Re,FALSE,cubic,1,5,1.1,0.84,0.58,1.2,1.9,2.557065458,1.98797081,-5.100857143,0.892811592,4.376982218,0.414285714
TbRhO3,Tb,Rh,TRUE,cubic,2,4,1.1,0.84,0.6,1.2,2.28,2.557065458,2.001424352,-4.96,0.883883476,4.382582767,0.428571429
TbScO3,Tb,Sc,FALSE,orthorhombic,3,3,1.1,0.84,0.75,1.2,1.36,2.557065458,2.074614707,-5.577142857,0.822217187,4.355149721,0.535714286
TbSnO3,Tb,Sn,FALSE,cubic,2,4,1.1,0.84,0.69,1.2,1.96,2.557065458,2.052287148,-5.192285714,0.845821509,4.865573194,0.492857143
TbTaO3,Tb,Ta,FALSE,cubic,1,5,1.1,0.84,0.64,1.2,1.5,2.557065458,1.956808277,-5.349714286,0.866552428,4.360983427,0.457142857
TbTiO3,Tb,Ti,TRUE,orthorhombic,2,4,1.1,0.84,0.61,1.2,1.54,2.557065458,1.927848949,-5.290714286,0.879486046,4.411970718,0.435714286
TbVO3,Tb,V,TRUE,orthorhombic,2,4,1.1,0.84,0.58,1.2,1.63,2.557065458,1.758039163,-5.212714286,0.892811592,4.340171333,0.414285714
TbWO3,Tb,W,FALSE,cubic,1,5,1.1,0.84,0.62,1.2,2.36,2.557065458,1.7456,-4.941142857,0.875132155,4.352519885,0.442857143
TbZrO3,Tb,Zr,FALSE,cubic,2,4,1.1,0.84,0.72,1.2,1.33,2.557065458,2.043777903,-5.548,0.833852336,5.154101927,0.514285714
TeFeO3,Te,Fe,FALSE,cubic,2,4,0.97,0.77,0.59,2.1,1.83,2.393443528,1.999521816,-3.990357143,0.842132197,4.986539092,0.421428571
TeIrO3,Te,Ir,FALSE,cubic,2,4,0.97,0.77,0.63,2.1,2.2,2.393443528,2.009082787,-3.869857143,0.825538459,5.35738099,0.45
TeNbO3,Te,Nb,FALSE,cubic,1,5,0.97,0.77,0.64,2.1,1.6,2.393443528,1.955055241,-4.153,0.821491702,4.832337246,0.457142857
TePdO3,Te,Pd,FALSE,cubic,2,4,0.97,0.77,0.62,2.1,2.2,2.393443528,2.04250519,-3.861,0.829625283,5.249118793,0.442857143
TeRhO3,Te,Rh,FALSE,cubic,2,4,0.97,0.77,0.6,2.1,2.28,2.393443528,2.001424352,-3.809,0.837921536,5.06430624,0.428571429
TeSbO3,Te,Sb,FALSE,cubic,1,5,0.97,0.77,0.6,2.1,2.05,2.393443528,2.075848892,-3.907571429,0.837921536,4.698819787,0.428571429
TeTaO3,Te,Ta,FALSE,cubic,1,5,0.97,0.77,0.64,2.1,1.5,2.393443528,1.956808277,-4.198714286,0.821491702,4.832337246,0.457142857
TeTiO3,Te,Ti,FALSE,cubic,2,4,0.97,0.77,0.61,2.1,1.54,2.393443528,1.927848949,-4.139714286,0.833752772,5.15164383,0.435714286
TeVO3,Te,V,FALSE,cubic,2,4,0.97,0.77,0.58,2.1,1.63,2.393443528,1.758039163,-4.061714286,0.84638539,4.917848955,0.414285714
ThAsO3,Th,As,FALSE,cubic,4,2,1.21,0.94,0.58,1.3,2.18,2.582925572,1.932227032,-5.344714286,0.932095302,-2.238065795,0.414285714
ThCoO3,Th,Co,FALSE,orthorhombic,4,2,1.21,0.94,0.75,1.3,1.88,2.582925572,1.930310969,-5.658428571,0.858394744,-0.641172515,0.535714286
ThCrO3,Th,Cr,FALSE,orthorhombic,4,2,1.21,0.94,0.8,1.3,1.66,2.582925572,1.960053288,-5.839857143,0.838885772,0.371864885,0.571428571
ThCuO3,Th,Cu,FALSE,orthorhombic,4,2,1.21,0.94,0.73,1.3,1.9,2.582925572,2.005573846,-5.625714286,0.866454788,-0.961810059,0.521428571
ThFeO3,Th,Fe,FALSE,cubic,4,2,1.21,0.94,0.78,1.3,1.83,2.582925572,1.999521816,-5.719714286,0.846581972,-0.073070463,0.557142857
ThGeO3,Th,Ge,FALSE,cubic,4,2,1.21,0.94,0.73,1.3,2.01,2.582925572,1.899964183,-5.568357143,0.866454788,-0.961810059,0.521428571
ThHfO3,Th,Hf,FALSE,cubic,4,2,1.21,0.94,0.71,1.3,1.3,2.582925572,2.027412322,-5.908,0.87466763,-1.241140334,0.507142857
ThInO3,Th,In,FALSE,cubic,4,2,1.21,0.94,0.8,1.3,1.78,2.582925572,2.147680955,-5.771285714,0.838885772,0.371864885,0.571428571
ThMgO3,Th,Mg,FALSE,orthorhombic,4,2,1.21,0.94,0.72,1.3,1.31,2.582925572,2.046489492,-5.918142857,0.870541839,-1.106401407,0.514285714
ThMnO3,Th,Mn,FALSE,cubic,4,2,1.21,0.94,0.83,1.3,1.55,2.582925572,2.16999357,-5.943214286,0.827600313,1.156507602,0.592857143
ThMoO3,Th,Mo,FALSE,cubic,4,2,1.21,0.94,0.65,1.3,2.16,2.582925572,1.7893,-5.417,0.900267658,-1.863349543,0.464285714
ThNbO3,Th,Nb,FALSE,cubic,4,2,1.21,0.94,0.72,1.3,1.6,2.582925572,1.955055241,-5.769,0.870541839,-1.106401407,0.514285714
ThNiO3,Th,Ni,FALSE,orthorhombic,4,2,1.21,0.94,0.69,1.3,1.91,2.582925572,2.103725488,-5.576785714,0.883037655,-1.482689667,0.492857143
ThReO3,Th,Re,FALSE,cubic,4,2,1.21,0.94,0.63,1.3,1.9,2.582925572,1.98797081,-5.515714286,0.90913729,-2.006581603,0.45
ThRuO3,Th,Ru,FALSE,cubic,4,2,1.21,0.94,0.68,1.3,2.2,2.582925572,2.018753288,-5.425,0.887283028,-1.590215172,0.485714286
ThSnO3,Th,Sn,FALSE,cubic,4,2,1.21,0.94,0.69,1.3,1.96,2.582925572,2.052287148,-5.552142857,0.883037655,-1.482689667,0.492857143
ThTaO3,Th,Ta,FALSE,cubic,4,2,1.21,0.94,0.72,1.3,1.5,2.582925572,1.956808277,-5.820428571,0.870541839,-1.106401407,0.514285714
ThVO3,Th,V,FALSE,orthorhombic,4,2,1.21,0.94,0.79,1.3,1.63,2.582925572,1.758039163,-5.844071429,0.842716301,0.142240509,0.564285714
ThWO3,Th,W,FALSE,cubic,4,2,1.21,0.94,0.66,1.3,2.36,2.582925572,1.7456,-5.331857143,0.895897427,-1.780289011,0.471428571
ThZnO3,Th,Zn,FALSE,cubic,4,2,1.21,0.94,0.74,1.3,1.65,2.582925572,2.096140752,-5.768857143,0.862405934,-0.806904136,0.528571429
TlAsO3,Tl,As,FALSE,tetragonal,3,3,0.98,1.2,0.58,1.62,2.18,2.531967494,1.932227032,-4.204,0.849956636,3.07771886,0.414285714
TlBiO3,Tl,Bi,FALSE,orthorhombic,1,5,1.7,1.2,0.76,1.62,2.02,2.531967494,2.215655462,-7.158,1.014829177,3.620566426,0.542857143
TlCoO3,Tl,Co,FALSE,orthorhombic,3,3,0.98,1.2,0.61,1.62,1.88,2.531967494,1.930310969,-4.361714286,0.837270716,3.461158843,0.435714286
TlCrO3,Tl,Cr,FALSE,orthorhombic,3,3,0.98,1.2,0.62,1.62,1.66,2.531967494,1.960053288,-4.470285714,0.833125811,3.615409911,0.442857143
TlFeO3,Tl,Fe,TRUE,orthorhombic,3,3,0.98,1.2,0.65,1.62,1.83,2.531967494,1.999521816,-4.4295,0.820933726,4.170151437,0.464285714
TlGaO3,Tl,Ga,FALSE,orthorhombic,3,3,0.98,1.2,0.62,1.62,1.81,2.531967494,1.974643898,-4.403857143,0.833125811,3.615409911,0.442857143
TlGeO3,Tl,Ge,FALSE,tetragonal,3,3,0.98,1.2,0.63,1.62,2.01,2.531967494,1.899964183,-4.3255,0.829021743,3.784288168,0.45
TlMnO3,Tl,Mn,FALSE,orthorhombic,3,3,0.98,1.2,0.65,1.62,1.55,2.531967494,2.16999357,-4.5595,0.820933726,4.170151437,0.464285714
TlMoO3,Tl,Mo,FALSE,cubic,1,5,1.7,1.2,0.61,1.62,2.16,2.531967494,1.7893,-6.944857143,1.090562697,4.014194495,0.435714286
TlNbO3,Tl,Nb,FALSE,tetragonal,1,5,1.7,1.2,0.64,1.62,1.6,2.531967494,1.955055241,-7.228285714,1.074525011,3.906517559,0.457142857
TlNiO3,Tl,Ni,FALSE,orthorhombic,3,3,0.98,1.2,0.6,1.62,1.91,2.531967494,2.103725488,-4.337714286,0.84145707,3.320636893,0.428571429
TlTaO3,Tl,Ta,FALSE,tetragonal,1,5,1.7,1.2,0.64,1.62,1.5,2.531967494,1.956808277,-7.274,1.074525011,3.906517559,0.457142857
TlUO3,Tl,U,FALSE,cubic,1,5,1.7,1.2,0.76,1.62,1.38,2.531967494,2.0478,-7.505428571,1.014829177,3.620566426,0.542857143
TlVO3,Tl,V,FALSE,orthorhombic,3,3,0.98,1.2,0.64,1.62,1.63,2.531967494,1.758039163,-4.509428571,0.824957911,3.968814807,0.457142857
TlWO3,Tl,W,FALSE,cubic,1,5,1.7,1.2,0.62,1.62,2.36,2.531967494,1.7456,-6.865428571,1.085163872,3.976447786,0.442857143
TmAsO3,Tm,As,FALSE,cubic,3,3,1.05,0.96,0.58,1.25,2.18,2.411515774,1.932227032,-4.7445,0.874955361,2.564384199,0.414285714
TmCoO3,Tm,Co,FALSE,orthorhombic,3,3,1.05,0.96,0.61,1.25,1.88,2.411515774,1.930310969,-4.902214286,0.861896325,2.803575659,0.435714286
TmCrO3,Tm,Cr,TRUE,orthorhombic,3,3,1.05,0.96,0.62,1.25,1.66,2.411515774,1.960053288,-5.010785714,0.857629512,2.901942187,0.442857143
TmFeO3,Tm,Fe,TRUE,orthorhombic,3,3,1.05,0.96,0.65,1.25,1.83,2.411515774,1.999521816,-4.97,0.845078836,3.258987676,0.464285714
TmGaO3,Tm,Ga,FALSE,orthorhombic,3,3,1.05,0.96,0.62,1.25,1.81,2.411515774,1.974643898,-4.944357143,0.857629512,2.901942187,0.442857143
TmHfO3,Tm,Hf,FALSE,cubic,2,4,1.09,0.96,0.71,1.25,1.3,2.411515774,2.027412322,-5.468642857,0.834453026,5.134536152,0.507142857
TmIrO3,Tm,Ir,FALSE,cubic,2,4,1.09,0.96,0.63,1.25,2.2,2.411515774,2.009082787,-4.941357143,0.867337874,4.534214963,0.45
TmMoO3,Tm,Mo,FALSE,cubic,2,4,1.09,0.96,0.65,1.25,2.16,2.411515774,1.7893,-4.977642857,0.858876042,4.641470305,0.464285714
TmNbO3,Tm,Nb,FALSE,cubic,2,4,1.09,0.96,0.68,1.25,1.6,2.411515774,1.955055241,-5.277071429,0.846488406,4.853247805,0.485714286
TmNiO3,Tm,Ni,TRUE,orthorhombic,3,3,1.05,0.96,0.6,1.25,1.91,2.411515774,2.103725488,-4.878214286,0.866205807,2.714769871,0.428571429
TmPdO3,Tm,Pd,FALSE,cubic,2,4,1.09,0.96,0.62,1.25,2.2,2.411515774,2.04250519,-4.9325,0.871631626,4.489976815,0.442857143
TmReO3,Tm,Re,FALSE,cubic,2,4,1.09,0.96,0.63,1.25,1.9,2.411515774,1.98797081,-5.076357143,0.867337874,4.534214963,0.45
TmRhO3,Tm,Rh,FALSE,cubic,2,4,1.09,0.96,0.6,1.25,2.28,2.411515774,2.001424352,-4.8805,0.880347943,4.419284971,0.428571429
TmRuO3,Tm,Ru,FALSE,cubic,2,4,1.09,0.96,0.62,1.25,2.2,2.411515774,2.018753288,-4.9325,0.871631626,4.489976815,0.442857143
TmSnO3,Tm,Sn,FALSE,cubic,2,4,1.09,0.96,0.69,1.25,1.96,2.411515774,2.052287148,-5.112785714,0.842438223,4.938728248,0.492857143
TmTaO3,Tm,Ta,FALSE,cubic,2,4,1.09,0.96,0.68,1.25,1.5,2.411515774,1.956808277,-5.325642857,0.846488406,4.853247805,0.485714286
TmTiO3,Tm,Ti,TRUE,orthorhombic,2,4,1.09,0.96,0.61,1.25,1.54,2.411515774,1.927848949,-5.211214286,0.875968102,4.451723575,0.435714286
TmVO3,Tm,V,TRUE,orthorhombic,2,4,1.09,0.96,0.58,1.25,1.63,2.411515774,1.758039163,-5.133214286,0.889240346,4.371300896,0.414285714
TmWO3,Tm,W,FALSE,cubic,2,4,1.09,0.96,0.66,1.25,2.36,2.411515774,1.7456,-4.8925,0.85470674,4.704978249,0.471428571
TmZrO3,Tm,Zr,FALSE,cubic,2,4,1.09,0.96,0.72,1.25,1.33,2.411515774,2.043777903,-5.4685,0.830516927,5.245893523,0.514285714
UAsO3,U,As,FALSE,cubic,3,3,1.03,0.85,0.58,1.38,2.18,2.344466993,1.932227032,-4.568428571,0.867812868,2.690680254,0.414285714
UCoO3,U,Co,FALSE,cubic,3,3,1.03,0.85,0.61,1.38,1.88,2.344466993,1.930310969,-4.726142857,0.854860437,2.964880997,0.435714286
UCrO3,U,Cr,FALSE,rhombohedral,3,3,1.03,0.85,0.62,1.38,1.66,2.344466993,1.960053288,-4.834714286,0.850628455,3.076669632,0.442857143
UCuO3,U,Cu,FALSE,rhombohedral,4,2,1.17,0.85,0.73,1.38,1.9,2.344466993,2.005573846,-5.399428571,0.853175788,-0.491430864,0.521428571
UFeO3,U,Fe,FALSE,cubic,3,3,1.03,0.85,0.65,1.38,1.83,2.344466993,1.999521816,-4.793928571,0.838180233,3.480622904,0.464285714
UGaO3,U,Ga,FALSE,orthorhombic,3,3,1.03,0.85,0.62,1.38,1.81,2.344466993,1.974643898,-4.768285714,0.850628455,3.076669632,0.442857143
UGeO3,U,Ge,FALSE,cubic,3,3,1.03,0.85,0.63,1.38,2.01,2.344466993,1.899964183,-4.689928571,0.846438167,3.199478438,0.45
UIrO3,U,Ir,FALSE,cubic,3,3,1.03,0.85,0.68,1.38,2.2,2.344466993,2.009082787,-4.648714286,0.826091095,4.002669215,0.485714286
UMgO3,U,Mg,FALSE,orthorhombic,4,2,1.17,0.85,0.72,1.38,1.31,2.344466993,2.046489492,-5.691857143,0.857200202,-0.667511556,0.514285714
UMnO3,U,Mn,FALSE,orthorhombic,3,3,1.03,0.85,0.65,1.38,1.55,2.344466993,2.16999357,-4.923928571,0.838180233,3.480622904,0.464285714
UMoO3,U,Mo,FALSE,cubic,3,3,1.03,0.85,0.69,1.38,2.16,2.344466993,1.7893,-4.677285714,0.822138506,4.207241977,0.492857143
UNiO3,U,Ni,FALSE,cubic,4,2,1.17,0.85,0.69,1.38,1.91,2.344466993,2.103725488,-5.3505,0.869504511,-1.126805008,0.492857143
UReO3,U,Re,FALSE,cubic,3,3,1.03,0.85,0.63,1.38,1.9,2.344466993,1.98797081,-4.739428571,0.846438167,3.199478438,0.45
URhO3,U,Rh,FALSE,cubic,3,3,1.03,0.85,0.67,1.38,2.28,2.344466993,2.001424352,-4.601571429,0.830081874,3.814087726,0.478571429
URuO3,U,Ru,FALSE,cubic,3,3,1.03,0.85,0.68,1.38,2.2,2.344466993,2.018753288,-4.648714286,0.826091095,4.002669215,0.485714286
USnO3,U,Sn,FALSE,cubic,3,3,1.03,0.85,0.69,1.38,1.96,2.344466993,2.052287148,-4.775857143,0.822138506,4.207241977,0.492857143
UTiO3,U,Ti,FALSE,orthorhombic,3,3,1.03,0.85,0.67,1.38,1.54,2.344466993,1.927848949,-4.955714286,0.830081874,3.814087726,0.478571429
UVO3,U,V,FALSE,orthorhombic,3,3,1.03,0.85,0.64,1.38,1.63,2.344466993,1.758039163,-4.873857143,0.84228896,3.333904436,0.457142857
UWO3,U,W,FALSE,cubic,3,3,1.03,0.85,0.66,1.38,2.36,2.344466993,1.7456,-4.555571429,0.834111397,3.640396778,0.471428571
UZnO3,U,Zn,FALSE,cubic,4,2,1.17,0.85,0.74,1.38,1.65,2.344466993,2.096140752,-5.542571429,0.849188985,-0.302820477,0.528571429
YAsO3,Y,As,FALSE,cubic,3,3,1.08,0.9,0.58,1.22,2.18,2.566448705,1.932227032,-4.888285714,0.8856691,2.39933722,0.414285714
YCoO3,Y,Co,TRUE,orthorhombic,3,3,1.08,0.9,0.61,1.22,1.88,2.566448705,1.930310969,-5.046,0.872450158,2.592949714,0.435714286
YCrO3,Y,Cr,TRUE,orthorhombic,3,3,1.08,0.9,0.62,1.22,1.66,2.566448705,1.960053288,-5.154571429,0.868131098,2.673985573,0.442857143
YFeO3,Y,Fe,TRUE,orthorhombic,3,3,1.08,0.9,0.65,1.22,1.83,2.566448705,1.999521816,-5.113785714,0.85542674,2.971029231,0.464285714
YGaO3,Y,Ga,TRUE,orthorhombic,3,3,1.08,0.9,0.62,1.22,1.81,2.566448705,1.974643898,-5.088142857,0.868131098,2.673985573,0.442857143
YGeO3,Y,Ge,FALSE,cubic,3,3,1.08,0.9,0.63,1.22,2.01,2.566448705,1.899964183,-5.009785714,0.86385459,2.763763097,0.45
YHfO3,Y,Hf,FALSE,orthorhombic,3,3,1.08,0.9,0.71,1.22,1.3,2.566448705,2.027412322,-5.451571429,0.831101809,3.851233998,0.507142857
YMnO3,Y,Mn,TRUE,orthorhombic,3,3,1.08,0.9,0.65,1.22,1.55,2.566448705,2.16999357,-5.243785714,0.85542674,2.971029231,0.464285714
YMoO3,Y,Mo,FALSE,cubic,3,3,1.08,0.9,0.69,1.22,2.16,2.566448705,1.7893,-4.997142857,0.839054937,3.509773593,0.492857143
YNbO3,Y,Nb,FALSE,cubic,1,5,1.08,0.9,0.64,1.22,1.6,2.566448705,1.955055241,-5.207428571,0.859620009,4.412547275,0.457142857
YNiO3,Y,Ni,TRUE,orthorhombic,3,3,1.08,0.9,0.6,1.22,1.91,2.566448705,2.103725488,-5.022,0.876812409,2.520339985,0.428571429
YReO3,Y,Re,FALSE,cubic,1,5,1.08,0.9,0.58,1.22,1.9,2.566448705,1.98797081,-5.004285714,0.8856691,4.408974475,0.414285714
YRhO3,Y,Rh,FALSE,cubic,3,3,1.08,0.9,0.67,1.22,2.28,2.566448705,2.001424352,-4.921428571,0.847161748,3.218228088,0.478571429
YSnO3,Y,Sn,FALSE,cubic,3,3,1.08,0.9,0.69,1.22,1.96,2.566448705,2.052287148,-5.095714286,0.839054937,3.509773593,0.492857143
YTaO3,Y,Ta,FALSE,cubic,1,5,1.08,0.9,0.64,1.22,1.5,2.566448705,1.956808277,-5.253142857,0.859620009,4.412547275,0.457142857
YTiO3,Y,Ti,TRUE,orthorhombic,3,3,1.08,0.9,0.67,1.22,1.54,2.566448705,1.927848949,-5.275571429,0.847161748,3.218228088,0.478571429
YVO3,Y,V,TRUE,orthorhombic,3,3,1.08,0.9,0.64,1.22,1.63,2.566448705,1.758039163,-5.193714286,0.859620009,2.862641824,0.457142857
YWO3,Y,W,FALSE,cubic,1,5,1.08,0.9,0.62,1.22,2.36,2.566448705,1.7456,-4.844571429,0.868131098,4.396704868,0.442857143
YZrO3,Y,Zr,FALSE,cubic,3,3,1.08,0.9,0.72,1.22,1.33,2.566448705,2.043777903,-5.451428571,0.827181518,4.042810025,0.514285714
YbAsO3,Yb,As,FALSE,orthorhombic,3,3,1.04,0.95,0.58,1.1,2.18,2.519261398,1.932227032,-4.815714286,0.871384114,2.625762955,0.414285714
YbCoO3,Yb,Co,FALSE,orthorhombic,3,3,1.04,0.95,0.61,1.1,1.88,2.519261398,1.930310969,-4.973428571,0.858378381,2.881943798,0.435714286
YbCrO3,Yb,Cr,TRUE,orthorhombic,3,3,1.04,0.95,0.62,1.1,1.66,2.519261398,1.960053288,-5.082,0.854128983,2.986812105,0.442857143
YbFeO3,Yb,Fe,TRUE,orthorhombic,3,3,1.04,0.95,0.65,1.1,1.83,2.519261398,1.999521816,-5.041214286,0.841629535,3.366533251,0.464285714
YbGaO3,Yb,Ga,FALSE,orthorhombic,3,3,1.04,0.95,0.62,1.1,1.81,2.519261398,1.974643898,-5.015571429,0.854128983,2.986812105,0.442857143
YbHfO3,Yb,Hf,FALSE,orthorhombic,2,4,1.14,0.95,0.71,1.1,1.3,2.519261398,2.027412322,-5.791857143,0.851209111,4.753545157,0.507142857
YbIrO3,Yb,Ir,FALSE,orthorhombic,2,4,1.14,0.95,0.63,1.1,2.2,2.519261398,2.009082787,-5.264571429,0.884754298,4.324513569,0.45
YbMoO3,Yb,Mo,FALSE,orthorhombic,2,4,1.14,0.95,0.65,1.1,2.16,2.519261398,1.7893,-5.300857143,0.876122548,4.397389255,0.464285714
YbNbO3,Yb,Nb,FALSE,orthorhombic,2,4,1.14,0.95,0.68,1.1,1.6,2.519261398,1.955055241,-5.600285714,0.863486165,4.548084699,0.485714286
YbNiO3,Yb,Ni,TRUE,orthorhombic,3,3,1.04,0.95,0.6,1.1,1.91,2.519261398,2.103725488,-4.949428571,0.862670273,2.78708232,0.428571429
YbPbO3,Yb,Pb,FALSE,orthorhombic,2,4,1.14,0.95,0.78,1.1,2.33,2.519261398,2.362863567,-5.325,0.823876708,5.497524927,0.557142857
YbPdO3,Yb,Pd,FALSE,orthorhombic,2,4,1.14,0.95,0.62,1.1,2.2,2.519261398,2.04250519,-5.255714286,0.889134269,4.295884798,0.442857143
YbReO3,Yb,Re,FALSE,orthorhombic,2,4,1.14,0.95,0.63,1.1,1.9,2.519261398,1.98797081,-5.399571429,0.884754298,4.324513569,0.45
YbRhO3,Yb,Rh,FALSE,orthorhombic,2,4,1.14,0.95,0.6,1.1,2.28,2.519261398,2.001424352,-5.203714286,0.898025612,4.253683871,0.428571429
YbRuO3,Yb,Ru,FALSE,orthorhombic,2,4,1.14,0.95,0.62,1.1,2.2,2.519261398,2.018753288,-5.255714286,0.889134269,4.295884798,0.442857143
YbSnO3,Yb,Sn,FALSE,orthorhombic,2,4,1.14,0.95,0.69,1.1,1.96,2.519261398,2.052287148,-5.436,0.859354653,4.610146322,0.492857143
YbTaO3,Yb,Ta,FALSE,orthorhombic,2,4,1.14,0.95,0.68,1.1,1.5,2.519261398,1.956808277,-5.648857143,0.863486165,4.548084699,0.485714286
YbTbO3,Yb,Tb,FALSE,cubic,2,4,1.14,0.95,0.76,1.1,1.2,2.519261398,2.256932729,-5.922571429,0.831505196,5.24101565,0.542857143
YbTiO3,Yb,Ti,TRUE,orthorhombic,2,4,1.14,0.95,0.61,1.1,1.54,2.519261398,1.927848949,-5.534428571,0.893557823,4.272305656,0.435714286
YbVO3,Yb,V,TRUE,orthorhombic,2,4,1.14,0.95,0.58,1.1,1.63,2.519261398,1.758039163,-5.456428571,0.907096578,4.231037424,0.414285714
YbWO3,Yb,W,FALSE,orthorhombic,2,4,1.14,0.95,0.66,1.1,2.36,2.519261398,1.7456,-5.215714286,0.871869526,4.441924288,0.471428571
YbZrO3,Yb,Zr,FALSE,orthorhombic,2,4,1.14,0.95,0.72,1.1,1.33,2.519261398,2.043777903,-5.791714286,0.847193974,4.83550839,0.514285714
ZnVO3,Zn,V,FALSE,cubic,2,4,0.9,0.74,0.58,1.65,1.63,2.375479066,1.758039163,-4.112,0.821386665,5.47725185,0.414285714
