SSID,ZS_CHS,ZS_R,ZS_log_Tr1K,ZS_log_Tr2K,PMStep,Form_Method,ZS_log_CSArea,ZS_log_StrainRate,ZS_log_PO_MW,ZS_log_FCVm,ZS_FCCED,ZS_log_Fchi,ZS_SS_TPSA_norm,ZS_SS_MolLogP_norm,ZS_HS_BertzCT,ZS_SS_VSA_EState8,ZS_SS_PEOE_VSA8,ZS_log_HS_NumNHCO_norm,ZS_FC_NumHAcceptors_norm,ZS_FC_RingCount_norm,logEB,logYM,logTS
SS1,-0.282081317,-0.45846916,-1.149485666,-0.446447718,2,2,-1.236621747,-0.293492223,0.242955685,-0.32658365,-0.185577683,0.469205423,-0.557772199,0.185004065,-0.805161372,0.062210277,1.097456765,0.732260751,0.925152691,0.057910599,1.187520721,1.568201724,1.830588669
SS2,-0.217933903,-0.45846916,-1.149485666,-0.446447718,2,2,-1.236621747,-0.293492223,0.242955685,-0.306909165,-0.218765712,0.357316875,-0.557772199,0.185004065,-0.735945002,0.062210277,1.097456765,0.608138941,0.703301924,-0.035137248,1.176091259,1.494154594,1.673020907
SS37,0.340148593,-0.45846916,0.257283837,0.423238831,2,4,1.002082384,0.12185362,-0.229586138,-0.521730374,0.233242749,0.016440182,0.204080095,-1.074002748,0.19270771,-0.103319105,1.075754859,-0.152460923,0.003756884,0.846038879,0.824125834,1.306425028,1.496929648
SS38,0.981622726,-0.45846916,0.257283837,0.423238831,2,4,1.002082384,0.12185362,-0.229586138,-0.877993025,0.542964492,-0.123056215,0.204080095,-1.074002748,0.242382334,-0.103319105,1.075754859,-0.20121783,-0.191480065,1.044841563,0.779596491,1.89203892,1.545307116
SS39,0.340148593,-0.45846916,0.546134351,0.423238831,2,4,1.002082384,0.12185362,-0.229586138,-0.843087852,0.053652329,-0.48614974,0.204080095,-1.074002748,-1.390363431,-0.103319105,1.075754859,0.636616837,1.100502045,-2.066042155,0.877946952,1.949585151,1.42975228
SS459,0.057899974,-0.45846916,0.546134351,0.423238831,2,4,-0.721379452,0.464460379,0.433045684,-0.185943508,0.338211294,-0.065391851,0.82502144,0.894743644,0.264897378,-0.630308815,-1.229683927,-0.272404061,-0.165313871,0.888424103,0.635483747,1.690550462,1.694605199
SS465,0.057899974,-0.45846916,0.546134351,0.423238831,1,2,-0.721379452,0.464460379,0.433045684,-0.185943508,0.338211294,-0.065391851,0.82502144,0.894743644,0.264897378,-0.630308815,-1.229683927,-0.272404061,-0.165313871,0.888424103,0.718501689,1.77151399,1.878521796
SS504,-0.840163812,-0.45846916,-0.659581224,-0.577990997,1,2,-0.466484703,2.266897347,0.142789141,0.455770578,0.807393941,0.640528817,-1.385959674,0.447089955,0.189292785,-0.852934921,0.355306604,-0.481847776,0.112459494,-0.031069877,0.765668555,1.227886705,1.064457989
SS503,-0.339813989,-0.45846916,-0.659581224,-0.577990997,1,2,-0.466484703,2.266897347,0.142789141,0.138243699,1.056593381,0.496887288,-1.385959674,0.447089955,0.277067605,-0.852934921,0.355306604,-0.586519089,-0.275606496,0.179934898,0.811575006,1.267171728,1.257198426
SS498,0.981622726,-0.45846916,-0.659581224,-0.577990997,1,2,-0.466484703,2.266897347,-0.676865369,-0.851049054,1.948449107,0.089056975,-1.549756041,0.551945929,0.309180344,-1.068852157,-0.119011401,-0.623830627,-0.564937885,0.326017905,0.64738297,1.942008053,1.496929648
SS499,0.340148593,-0.45846916,-0.659581224,-0.577990997,1,2,-0.466484703,2.266897347,-0.194429698,-0.378262111,1.476261189,0.28274998,-1.441689127,0.482765753,0.309180344,-0.938344946,0.167681413,-0.623830627,-0.489749689,0.293036589,0.739572344,1.658011397,1.489958479
SS500,-0.089639077,-0.45846916,-0.659581224,-0.577990997,1,2,-0.466484703,2.266897347,0.142789141,-0.010586358,1.19076397,0.432019159,-1.385959674,0.447089955,0.309180344,-0.852934921,0.355306604,-0.623830627,-0.434081309,0.265683844,0.836956737,1.579783597,1.491361694
SS501,-0.391131919,-0.45846916,-0.659581224,-0.577990997,1,2,-0.466484703,2.266897347,0.594555676,0.353956826,1.000582539,0.580049195,-1.329988283,0.411259278,0.309180344,-0.749820919,0.581823155,-0.623830627,-0.536148436,0.338746193,0.812913357,1.519302849,1.322632712
SS502,-0.622062607,-0.45846916,-0.659581224,-0.577990997,1,2,-0.466484703,2.266897347,0.705923822,0.574476811,0.865235957,0.668508218,-1.318819409,0.404109405,0.309180344,-0.726694332,0.632626681,-0.623830627,-0.428760209,0.272410405,0.740362689,1.386855529,1.127752516
SS506,-0.089639077,-0.45846916,-0.659581224,-0.577990997,1,2,-0.466484703,2.266897347,0.142789141,-0.085653422,0.977410268,0.50837458,-1.385959674,0.447089955,-0.683678868,-0.852934921,0.355306604,-0.70399447,-0.490736643,0.179299701,0.836956737,1.714999967,1.489958479
SS559,0.276001179,-0.45846916,-0.345089502,0.183376499,2,3,-1.353684961,-0.155596313,0.242955685,-0.27227869,-0.294992451,0.253238602,0.124582254,-1.008863344,0.264897378,0.569690371,-0.917152021,-0.272404061,-0.27354852,0.891871177,0.760422483,1.255272505,1.298853076
SS562,0.276001179,-0.45846916,-0.345089502,0.183376499,2,3,-1.353684961,-0.155596313,0.242955685,-0.209436461,-0.125898083,0.177166315,-0.557772199,0.185004065,0.264897378,0.062210277,1.097456765,-0.272404061,-0.621733448,0.891871177,0.798650645,1.322219295,1.605305046
SS563,0.789180486,-0.45846916,-0.345089502,0.183376499,2,3,-1.353684961,-0.155596313,0.242955685,-0.527401121,0.114366913,0.047043185,-0.557772199,0.185004065,0.294678175,0.062210277,1.097456765,-0.304998373,-0.712503148,1.027858659,0.73479983,1.413299764,1.588831726
SS565,-1.983912192,-0.45846916,-1.839926054,-1.558152882,2,2,-0.786120456,-0.576039336,2.536624257,3.599189989,-2.49707841,2.953839068,-0.813111516,-0.998294639,-0.893408958,2.083867406,-1.406136978,1.811627923,-0.705131344,0.25127397,0.428134794,-0.022276395,0.038222638
SS566,-1.986478088,-0.45846916,-1.839926054,-1.558152882,2,2,-0.786120456,-0.576039336,3.992529941,4.218681349,-2.515514471,3.258279901,-0.827040591,-1.004772655,-0.801473286,2.153683141,-1.406136978,1.708912207,-1.561061456,0.985517621,0.699837726,-0.124938737,0.252853031
SS1365,-1.896030236,-0.45846916,-1.839926054,-1.558152882,2,2,-0.786120456,-0.576039336,2.536624257,3.272817042,-2.456040287,2.848970313,-0.813111516,-0.998294639,-0.856723089,2.083867406,-1.406136978,1.770174969,-0.998155754,0.503181168,0.322219295,0.041392685,0.146128036
SS1366,-1.728605487,-0.45846916,-1.839926054,-1.558152882,2,2,-0.786120456,-0.576039336,2.536624257,2.769254797,-2.375698251,2.668638576,-0.813111516,-0.998294639,-0.81990462,2.083867406,-1.406136978,1.72919674,-1.356017431,0.809214035,0.361727836,0.204119983,0.322219295
SS1367,-1.866522425,-0.45846916,-1.839926054,-1.558152882,2,2,-0.786120456,-0.576039336,2.536624257,3.275675992,-2.454002657,2.598120969,-0.813111516,-0.998294639,-0.734206769,2.083867406,-1.406136978,1.532978788,-1.184563081,0.293561425,0.447158031,0.079181246,0.217483944
SS1368,-1.672155763,-0.45846916,-1.839926054,-1.558152882,2,2,-0.786120456,-0.576039336,2.536624257,2.776192848,-2.372551015,2.372288279,-0.813111516,-0.998294639,-0.656565863,2.083867406,-1.406136978,1.421743424,-1.621772307,0.507446911,0.491361694,0.113943352,0.414973348
SS1369,-1.490618583,-0.45846916,-1.839926054,-1.558152882,2,2,-0.786120456,-0.576039336,2.536624257,2.397580333,-2.293301259,2.210199659,-0.813111516,-0.998294639,-0.617698807,2.083867406,-1.406136978,1.367719424,-1.877593361,0.634585128,0.447158031,0.176091259,0.51851394
SS1370,-1.31934499,-0.45846916,-1.839926054,-1.558152882,2,2,-0.786120456,-0.576039336,2.536624257,2.091281058,-2.2153118,2.081974981,-0.813111516,-0.998294639,-0.594397214,2.083867406,-1.406136978,1.335837165,-2.046769616,0.719725967,0.352182518,0.342422681,0.556302501
SS1372,-2.046135183,-0.45846916,-1.839926054,-1.558152882,2,2,-0.786120456,-0.576039336,3.992529941,4.600879254,-2.542749215,3.401869714,-0.827040591,-1.004772655,-0.81990462,2.153683141,-1.406136978,1.72919674,-1.353104788,0.809287822,0.544068044,-0.22184875,0.096910013
SS1373,-1.924255097,-0.45846916,-1.839926054,-1.558152882,2,2,-0.786120456,-0.576039336,3.992529941,3.88852221,-2.486667438,3.131536143,-0.827040591,-1.004772655,-0.790423326,2.153683141,-1.406136978,1.696823227,-1.706619702,1.110379237,0.698970004,-0.045757491,0.342422681
SS1375,-2.024966536,-0.45846916,-1.839926054,-1.558152882,2,2,-0.786120456,-0.576039336,3.992529941,4.602647408,-2.541419983,3.104166605,-0.827040591,-1.004772655,-0.656565863,2.153683141,-1.406136978,1.421743424,-1.61709242,0.505977002,0.77815125,-0.15490196,0.079181246
SS1376,-1.953121433,-0.45846916,-1.839926054,-1.558152882,2,2,-0.786120456,-0.576039336,3.992529941,4.210248459,-2.512775883,2.936610593,-0.827040591,-1.004772655,-0.617698807,2.153683141,-1.406136978,1.367719424,-1.875366755,0.634701965,0.62324929,-0.096910013,0.217483944
SS1377,-1.883200753,-0.45846916,-1.839926054,-1.558152882,2,2,-0.786120456,-0.576039336,3.992529941,3.893827417,-2.484482314,2.804366469,-0.827040591,-1.004772655,-0.594397214,2.153683141,-1.406136978,1.335837165,-2.044751453,0.719683305,0.602059991,-0.045757491,0.322219295
SS1378,-1.748491185,-0.45846916,-1.839926054,-1.558152882,2,2,-0.786120456,-0.576039336,3.992529941,3.400585103,-2.428699124,2.601209368,-0.827040591,-1.004772655,-0.567740193,2.153683141,-1.406136978,1.299815575,-2.253989056,0.825221021,0.462397998,0.146128036,0.477121255
SS61,0.545420315,-0.45846916,1.883201852,1.533543692,1,3,0.303652341,0.627556623,-0.699792708,-0.691931702,0.314138357,-0.142354081,-0.360023101,0.004447753,0.201081386,-0.097645705,0.952921356,-0.20121783,-0.37853753,0.619504106,0.890979597,1.703291378,1.294466226
SS1380,1.202931302,-0.45846916,0.109860603,0.060955803,1,3,0.754153633,0.627556623,-0.699792708,-0.493393042,0.467639559,-0.241969103,-0.360023101,0.004447753,1.739515014,-0.097645705,0.952921356,-1.283467469,-0.436951759,0.842594662,0.531478917,1.093421685,1.537819095
SS1381,0.719901279,-0.45846916,0.109860603,0.060955803,1,3,0.754153633,0.627556623,-0.699792708,-0.360336586,0.293717294,-0.166618983,-0.360023101,0.004447753,1.440565414,-0.097645705,0.952921356,-1.095981019,-0.30258986,0.645685104,0.707570176,0.77815125,1.408239965
SS1385,1.260663974,-0.45846916,0.109860603,0.060955803,1,3,0.754153633,0.627556623,-0.699792708,-0.458572821,0.423505251,-0.320058542,-0.360023101,0.004447753,1.812101208,-0.097645705,0.952921356,-1.378746595,-0.539478175,0.744198464,0.602059991,1.173186268,1.509202522
SS1386,0.771860684,-0.45846916,0.109860603,0.060955803,1,3,0.754153633,0.627556623,-0.699792708,-0.333867671,0.262706961,-0.239505511,-0.360023101,0.004447753,1.501053909,-0.097645705,0.952921356,-1.181194122,-0.387029671,0.563856762,0.716003344,0.799340549,1.462397998
SS633,1.424239878,-0.45846916,0.109860603,0.060955803,1,3,0.754153633,0.627556623,-0.699792708,-0.358751863,0.301756187,-0.540410145,-0.360023101,0.004447753,2.03081332,-0.097645705,0.952921356,-1.646089128,-0.81082146,0.486695313,0.653212514,1.40654018,1.51851394
SS634,0.923890054,-0.45846916,0.109860603,0.060955803,1,3,0.754153633,0.627556623,-0.699792708,-0.258189493,0.17654538,-0.44626955,-0.360023101,0.004447753,1.683314002,-0.097645705,0.952921356,-1.421923088,-0.615095448,0.348142124,0.748188027,1.274157849,1.447158031
SS635,0.474858161,-0.45846916,0.109860603,0.060955803,1,3,0.754153633,0.627556623,-0.699792708,-0.175577574,0.077367594,-0.348986782,-0.360023101,0.004447753,1.335814685,-0.097645705,0.952921356,-1.177648118,-0.440352013,0.230417947,0.875061263,1.079181246,1.397940009
SS1390,1.442201153,-0.45846916,0.109860603,0.060955803,1,3,0.754153633,0.627556623,-0.904926684,-0.77819905,1.11255713,-0.733309393,0.925136167,0.676394395,1.739515014,-0.834294412,-1.013315389,-1.283467469,0.13210796,0.84272776,0.397940009,2.724685388,1.62324929
SS1395,1.498650877,-0.45846916,0.109860603,0.060955803,1,3,0.754153633,0.627556623,-0.904926684,-0.736880985,1.044931075,-0.838985636,0.925136167,0.676394395,1.812101208,-0.834294412,-1.013315389,-1.378746595,0.029222562,0.744176312,0.397940009,2.384890797,1.625312451
SS1400,0.388259153,1.926609075,1.101302032,1.106032015,1,3,0.754153633,0.627556623,-0.699792708,-0.426296243,0.008207142,-0.505093022,-0.360023101,0.004447753,-0.319571297,-0.097645705,0.952921356,-0.482061638,0.372712408,-0.929791795,0.500510911,1.662757832,1.100370545
SS1401,-0.038321146,1.926609075,1.101302032,1.106032015,1,3,0.754153633,0.627556623,-0.699792708,-0.309764217,-0.115865785,-0.472500633,-0.360023101,0.004447753,-0.56480182,-0.097645705,0.952921356,-0.239161932,0.479017696,-1.14099953,0.68690427,1.517195898,1.08278537
SS1404,0.957888183,1.926609075,1.101302032,1.106032015,1,3,0.754153633,0.627556623,-0.699792708,-0.531234989,0.125664491,-0.646692479,-0.360023101,0.004447753,-0.006838202,-0.097645705,0.952921356,-0.822409626,0.09885387,-0.769313114,0.68797462,2.012415375,1.214843848
SS1405,0.450482144,1.926609075,1.101302032,1.106032015,1,3,0.754153633,0.627556623,-0.699792708,-0.398497606,-0.01992602,-0.59614883,-0.360023101,0.004447753,-0.263322997,-0.097645705,0.952921356,-0.588393951,0.242011621,-0.972588902,0.733277534,1.956648579,1.136720567
SS1406,0.012996785,1.926609075,1.101302032,1.106032015,1,3,0.754153633,0.627556623,-0.699792708,-0.289250231,-0.135293359,-0.55553577,-0.360023101,0.004447753,-0.519807792,-0.097645705,0.952921356,-0.332375277,0.371934001,-1.171441978,0.701395269,1.824125834,1.049218023
SS1407,-0.702246874,1.926609075,1.101302032,1.106032015,1,3,0.754153633,0.627556623,-0.699792708,-0.117704532,-0.312873951,-0.495766149,-0.360023101,0.004447753,-1.032251798,-0.097645705,0.952921356,0.264861885,0.605601603,-1.581380674,0.712649702,1.631443769,0.892094603
SS668,0.340790067,1.926609075,1.101302032,1.106032015,1,3,0.754153633,0.627556623,-0.699792708,-0.150798987,-0.260359616,-1.090847031,-0.360023101,0.004447753,-0.200328222,-0.097645705,0.952921356,-0.908415853,-0.217590049,-1.338829246,0.664641976,1.853698212,1.147367108
SS1411,-0.525841487,1.926609075,1.101302032,1.106032015,1,3,0.754153633,0.627556623,-0.699792708,-0.056202176,-0.36471115,-0.865358743,-0.360023101,0.004447753,-0.872430137,-0.097645705,0.952921356,-0.107961778,0.253772927,-1.640913655,0.961421094,1.678518379,1.049218023
SS1413,1.217685207,1.926609075,1.101302032,1.106032015,1,3,0.754153633,0.627556623,-0.699792708,-0.528730781,0.512792882,-0.208893295,-0.360023101,0.004447753,1.703400254,-0.097645705,0.952921356,-1.234620922,-0.402002143,0.918405814,0.713070326,1.5132176,1.505149978
SS1414,0.740428452,1.926609075,1.101302032,1.106032015,1,3,0.754153633,0.627556623,-0.699792708,-0.39275952,0.331598086,-0.136836911,-0.360023101,0.004447753,1.410369702,-0.097645705,0.952921356,-1.052353824,-0.280896074,0.716373137,0.960042456,1.193124598,1.445604203
SS1415,0.326677636,1.926609075,1.101302032,1.106032015,1,3,0.754153633,0.627556623,-0.699792708,-0.281274814,0.191634593,-0.071354549,-0.360023101,0.004447753,1.11733915,-0.097645705,0.952921356,-0.857014654,-0.178121366,0.537151403,1.072911316,0.968482949,1.414973348
SS1417,2.48459662,1.926609075,1.101302032,1.106032015,1,3,0.754153633,0.627556623,-0.699792708,-0.856758922,1.010762054,-0.475792993,-0.360023101,0.004447753,2.385528852,-0.097645705,0.952921356,-1.680010901,-0.863304174,1.272147688,0.587037118,2.102090526,1.457881897
SS1418,1.27413493,1.926609075,1.101302032,1.106032015,1,3,0.754153633,0.627556623,-0.699792708,-0.492055843,0.465416135,-0.287810793,-0.360023101,0.004447753,1.775913616,-0.097645705,0.952921356,-1.331599717,-0.507965632,0.814483444,0.73255458,1.056904851,1.367355921
SS670,2.48459662,1.926609075,1.101302032,1.106032015,1,3,0.754153633,0.627556623,-0.699792708,-0.377862152,0.346209019,-0.953622427,-0.360023101,0.004447753,3.068164536,-0.097645705,0.952921356,-2.367772316,-1.478981272,0.412077398,0.575187845,1.786751422,1.476831629
SS671,1.27413493,1.926609075,1.101302032,1.106032015,1,3,0.754153633,0.627556623,-0.699792708,-0.151131264,0.073347992,-0.739041991,-0.360023101,0.004447753,2.287977851,-0.097645705,0.952921356,-1.928166394,-0.883827823,0.098512298,0.773054693,1.491361694,1.472756449
SS672,0.791746382,1.926609075,1.101302032,1.106032015,1,3,0.754153633,0.627556623,-0.699792708,-0.080531204,-0.007442522,-0.632534623,-0.360023101,0.004447753,1.897484413,-0.097645705,0.952921356,-1.67827788,-0.658513013,-0.003499871,0.783903579,1.217483944,1.348304863
SS673,0.369656403,1.926609075,1.101302032,1.106032015,1,3,0.754153633,0.627556623,-0.699792708,-0.029002814,-0.066883811,-0.518478442,-0.360023101,0.004447753,1.506990975,-0.097645705,0.952921356,-1.403136503,-0.466379236,-0.07567983,0.878521796,1.021189299,1.338456494
SS1438,1.173423492,-0.45846916,1.101302032,1.106032015,1,3,0.754153633,0.627556623,-0.699792708,-0.511124397,0.490454426,-0.201866656,-0.360023101,0.004447753,1.703280159,-0.097645705,0.952921356,-1.234548665,-0.383042319,0.894541031,0.778368343,1.608526034,1.463892989
SS1439,0.692959366,-0.45846916,1.101302032,1.106032015,1,3,0.754153633,0.627556623,-0.699792708,-0.373545988,0.309377596,-0.129176241,-0.360023101,0.004447753,1.410369702,-0.097645705,0.952921356,-1.052353824,-0.258191378,0.688320364,0.95559155,1.42975228,1.426511261
SS1440,0.277925602,-0.45846916,1.101302032,1.106032015,1,3,0.754153633,0.627556623,-0.699792708,-0.260817267,0.169802998,-0.063207266,-0.360023101,0.004447753,1.117459244,-0.097645705,0.952921356,-0.85709765,-0.151927855,0.505446903,1.097847077,0.934498451,1.278753601
SS1442,2.455730284,-0.45846916,1.101302032,1.106032015,1,3,0.754153633,0.627556623,-0.699792708,-0.845132067,0.992534873,-0.471172363,-0.360023101,0.004447753,2.385778951,-0.097645705,0.952921356,-1.680145074,-0.852395903,1.259316937,0.625003601,2.184691431,1.555094449
SS1443,1.232439112,-0.45846916,1.101302032,1.106032015,1,3,0.754153633,0.627556623,-0.699792708,-0.476044043,0.445534532,-0.281416617,-0.360023101,0.004447753,1.775788566,-0.097645705,0.952921356,-1.331523476,-0.489259703,0.792739164,0.821448019,1.459392488,1.424881637
SS1444,0.746201719,-0.45846916,1.101302032,1.106032015,1,3,0.754153633,0.627556623,-0.699792708,-0.34711009,0.278160113,-0.203382507,-0.360023101,0.004447753,1.470793374,-0.097645705,0.952921356,-1.138920673,-0.345519061,0.604216245,0.926136571,1.056904851,1.264817823
SS1448,1.232439112,-0.45846916,1.101302032,1.106032015,1,3,0.754153633,0.627556623,-0.699792708,-0.138539568,0.060585318,-0.733991997,-0.360023101,0.004447753,2.287817813,-0.097645705,0.952921356,-1.928068535,-0.858800222,0.079564132,0.919705535,1.536558443,1.484299839
SS1449,0.746201719,-0.45846916,1.101302032,1.106032015,1,3,0.754153633,0.627556623,-0.699792708,-0.066197587,-0.021181013,-0.626819635,-0.360023101,0.004447753,1.897484413,-0.097645705,0.952921356,-1.67827788,-0.629772847,-0.026042536,0.939569169,1.307496038,1.390935107
SS1450,0.322187317,-0.45846916,1.101302032,1.106032015,1,3,0.754153633,0.627556623,-0.699792708,-0.013039162,-0.081492177,-0.5121556,-0.360023101,0.004447753,1.507151013,-0.097645705,0.952921356,-1.403255154,-0.434574196,-0.101686487,0.956744545,1.123851641,1.376576957
SS707,1.82195384,-0.45846916,-0.659581224,-0.577990997,2,2,-0.862776565,-0.293492223,-0.699792708,-1.098923811,0.516752955,-0.463191611,-0.360023101,0.004447753,0.42251555,-0.097645705,0.952921356,-1.062015232,-0.029013217,0.984051458,0.745855195,2.549493713,1.677606953
SS708,2.181179355,-0.45846916,-0.659581224,-0.577990997,2,2,-0.862776565,-0.293492223,-0.699792708,-1.260693148,0.716926154,-0.52694075,-0.360023101,0.004447753,0.515164767,-0.097645705,0.952921356,-1.119592667,-0.057942296,1.107095865,0.603144373,2.758306182,1.617000341
SS718,-0.570744676,-0.45846916,-0.039636162,-0.063186759,2,2,1.84392643,0.00749993,-0.242157347,-0.021894845,-0.482225004,-0.329172789,-0.473042587,0.107641051,-1.321363678,-0.008565677,1.033463967,0.343846525,1.538980724,-2.066042155,0.921686475,1.375846436,1.385606274
SS720,-0.49376778,-0.45846916,-0.039636162,-0.063186759,2,2,1.84392643,0.00749993,-0.242157347,-0.012089769,-0.41593482,-0.195273703,-0.473042587,0.107641051,-1.311442984,-0.008565677,1.033463967,0.180641715,1.276213038,-2.066042155,1.008600172,1.351989455,1.494154594
SS721,0.23109799,-0.45846916,-0.039636162,-0.063186759,2,2,1.84392643,0.00749993,-0.242157347,-0.379563505,-0.185311882,-0.315091861,-0.473042587,0.107641051,-1.233828553,-0.008565677,1.033463967,-0.051849782,1.436457692,-2.066042155,0.935507266,1.648360011,1.612783857
SS722,-0.654136314,-0.45846916,-0.039636162,-0.063186759,2,2,1.84392643,0.00749993,-0.242157347,-0.022394031,-0.499991914,-0.354951388,-0.473042587,0.107641051,-1.373486669,-0.008565677,1.033463967,0.516683524,0.454492232,-2.066042155,1.029383778,1.542825427,1.683047038
SS723,-0.006247439,-0.45846916,-0.039636162,-0.063186759,2,2,1.84392643,0.00749993,-0.242157347,-0.401783899,-0.32300781,-0.50621875,-0.473042587,0.107641051,-1.316470742,-0.008565677,1.033463967,0.365158858,0.292448363,-2.066042155,0.922206277,1.96890303,1.604226053
SS724,-1.205804068,1.926609075,-0.345089502,-0.316836129,1,4,-0.714413455,-0.155596313,-0.741220228,-0.223827935,0.155892267,-1.024631611,0.906996674,0.715956454,-1.545221388,-0.802576102,-1.046959158,1.031769657,1.836364196,-2.066042155,0.829753919,1.403120521,1.485721426
SS725,-1.109582948,1.926609075,-0.345089502,-0.316836129,1,4,-0.714413455,-0.155596313,-0.741220228,-0.266967054,0.170901158,-1.041831704,0.906996674,0.715956454,-1.514252832,-0.802576102,-1.046959158,0.931397107,1.776508328,-2.066042155,0.804343918,1.632963168,1.584331224
SS726,-0.962043898,1.926609075,-0.345089502,-0.316836129,1,4,-0.714413455,-0.155596313,-0.741220228,-0.342643232,0.198148679,-1.072004718,0.906996674,0.715956454,-1.48680343,-0.802576102,-1.046959158,0.845420081,1.660788186,-2.066042155,0.774443969,1.658202253,1.450249108
SS727,-0.615647866,1.926609075,-0.345089502,-0.316836129,1,4,-0.714413455,-0.155596313,-0.741220228,-0.507879976,0.261938186,-1.137886621,0.906996674,0.715956454,-1.429793134,-0.802576102,-1.046959158,0.675077624,1.428158011,-2.066042155,0.678518379,1.784331948,1.46834733
SS728,-0.115298042,1.926609075,-0.345089502,-0.316836129,1,4,-0.714413455,-0.155596313,-0.741220228,-0.733999587,0.359683063,-1.228043265,0.906996674,0.715956454,-1.372079007,-0.802576102,-1.046959158,0.512839282,1.14065075,-2.066042155,0.524785449,2.133762385,1.46686762
SS741,-1.532955876,0.590965263,-1.839926054,-1.558152882,2,2,-0.714413455,-0.412943092,0.794428143,1.669149491,-2.247636158,1.805474193,-0.758018924,-0.972672647,-0.781869435,1.833398824,-1.406136978,1.580217419,-0.525573712,-0.151119833,0.962179853,0.741939078,0.779596491
SS742,-1.577859066,0.590965263,-1.839926054,-1.558152882,2,2,-0.714413455,-0.412943092,1.737176536,2.40909537,-2.346560099,1.857408285,-0.796156872,-0.990409518,-0.475924899,2.002612753,-1.406136978,1.126548671,-0.997588718,-0.101315979,0.911477217,0.563481085,0.67669361
SS743,-1.539370618,0.590965263,-1.839926054,-1.558152882,2,2,-0.714413455,-0.412943092,2.288648993,2.668741096,-2.364246167,1.870489845,-0.808872598,-0.99632324,-0.288338468,2.063179047,-1.406136978,0.881652897,-1.35509366,-0.032574571,1.002166062,0.245512668,0.722633923
SS744,-1.558614842,0.590965263,-1.839926054,-1.558152882,2,2,-0.714413455,-0.412943092,2.679924929,2.882516918,-2.385454912,1.925444149,-0.815231039,-0.999280369,-0.207944284,2.094307876,-1.406136978,0.783080678,-1.535972394,0.012323637,0.900913068,0.158362492,0.617000341
SS745,-1.590688548,0.590965263,-1.839926054,-1.558152882,2,2,-0.714413455,-0.412943092,2.983422123,3.06687938,-2.404899008,1.983082545,-0.819046287,-1.001054732,-0.161047676,2.113264911,-1.406136978,0.727185135,-1.646865506,0.040435669,1.10720997,0.012837225,0.583198774
SS746,-1.571444324,0.590965263,-1.839926054,-1.558152882,2,2,-0.714413455,-0.412943092,3.231397386,3.117061206,-2.405177205,1.985646784,-0.821589864,-1.002237677,-0.107451553,2.126021683,-1.406136978,0.664677772,-1.778414576,0.073898476,0.932118472,-0.004364805,0.525044807
SS748,-1.590688548,0.590965263,-1.839926054,-1.558152882,2,2,-0.714413455,-0.412943092,3.731539283,3.304847524,-2.420904044,2.041505763,-0.825503178,-1.004057647,-0.042689571,2.145835816,-1.406136978,0.591012626,-1.956393493,0.12449815,0.773054693,-0.214670165,0.281033367
SS749,-1.584273807,0.590965263,-1.839926054,-1.558152882,2,2,-0.714413455,-0.412943092,3.970767902,3.34513233,-2.42221877,2.050129274,-0.826923368,-1.004718138,-0.01589151,2.153083545,-1.406136978,0.561103614,-2.041609306,0.15197325,0.726727209,-0.244125144,0.281033367
SS751,-1.244292516,0.495562134,-0.039636162,0.656754849,2,4,1.321718137,-1.595323368,0.099655013,0.623587311,-0.696451578,0.719451305,-0.535808143,0.164949617,-1.2482025,0.043517431,1.080555438,0.417109409,0.264765099,-0.727586275,0.671172843,1.738780558,1.068185862
SS752,-1.225048292,0.495562134,-0.039636162,0.656754849,2,4,1.321718137,-1.595323368,0.099655013,0.621710642,-0.696880304,0.667321338,-0.535808143,0.164949617,-1.234614623,0.043517431,1.080555438,0.37448122,0.219176828,-0.743889805,0.720985744,1.44870632,1.037426498
SS753,-1.276366223,0.495562134,-0.039636162,0.656754849,2,4,1.321718137,-1.595323368,0.099655013,0.623940671,-0.768250539,0.454188858,-0.535808143,0.164949617,-1.252305601,0.043517431,1.080555438,0.51736083,0.364025264,-0.67942635,0.845718018,1.788168371,1.167317335
SS754,-1.257121999,0.495562134,-0.039636162,0.656754849,2,4,1.321718137,-1.595323368,0.099655013,0.622012205,-0.768970889,0.398284794,-0.535808143,0.164949617,-1.238717723,0.043517431,1.080555438,0.47314791,0.315720365,-0.697060068,0.820857989,1.620136055,1.096910013
SS768,1.655170566,1.926609075,1.368377509,1.106032015,1,3,0.754153633,0.627556623,-0.904926684,-0.997216581,0.84247539,-1.060732685,0.925136167,0.676394395,0.732149568,-0.834294412,-1.013315389,-1.396083323,-0.037182795,0.847057904,0.397940009,2.307496038,1.511883361
SS773,-0.955629156,1.926609075,-0.345089502,-1.558152882,2,2,-0.466484703,1.247613315,0.099655013,0.435601152,-0.644623696,0.117163514,-0.535808143,0.164949617,-1.358571855,0.043517431,1.080555438,0.322565698,1.492885604,-2.066042155,0.859738566,1.419625361,1.217483944
SS786,0.045070491,0.35245744,-1.149485666,-0.711524416,2,2,-1.236621747,-0.293492223,0.924059369,-0.700175295,0.586429766,-4.718114054,0.485103655,-0.520037862,-0.737546941,-0.682928454,-1.219955089,-0.070307136,-0.226871522,0.023688253,0.718501689,2.322219295,1.641474111
SS829,0.301660145,-0.45846916,1.368377509,1.106032015,1,3,-1.353684961,0.00749993,0.794428143,-0.213259022,0.650636159,-0.23147238,0.727346621,0.248804634,0.300634334,-0.79146464,-0.015883569,-0.311470706,-0.670446006,1.064301824,0.84509804,2.054995862,1.746634199
SS868,2.469842715,1.926609075,0.109860603,0.060955803,1,3,0.754153633,0.627556623,-0.699792708,-0.703500738,0.327393129,-1.11936549,-0.360023101,0.004447753,0.820918874,-0.097645705,0.952921356,-1.660855714,-0.83823652,-0.574614094,0.50242712,2.449786847,1.23299611
SS869,1.180479707,1.926609075,0.109860603,0.060955803,1,3,0.754153633,0.627556623,-0.699792708,-0.407092976,-0.004010078,-0.963188843,-0.360023101,0.004447753,0.232417321,-0.097645705,0.952921356,-1.19829597,-0.35371196,-0.934449248,0.503790683,1.993876915,1.10720997
SS872,2.469842715,1.926609075,1.499440141,1.214866817,1,3,0.754153633,0.627556623,-0.699792708,-0.703500738,0.327393129,-1.11936549,-0.360023101,0.004447753,0.820918874,-0.097645705,0.952921356,-1.660855714,-0.83823652,-0.574614094,0.421603927,2.227115083,1.220108088
SS873,1.180479707,1.926609075,1.499440141,1.214866817,1,3,0.754153633,0.627556623,-0.699792708,-0.407092976,-0.004010078,-0.963188843,-0.360023101,0.004447753,0.232417321,-0.097645705,0.952921356,-1.19829597,-0.35371196,-0.934449248,0.562292864,1.714413592,1.1430148
SS874,0.186194801,1.926609075,1.499440141,1.214866817,1,3,0.754153633,0.627556623,-0.699792708,-0.22037685,-0.199297492,-0.831604624,-0.360023101,0.004447753,-0.362151257,-0.097645705,0.952921356,-0.634439613,0.045352313,-1.263509456,0.733999287,1.494015375,1.089905111
SS875,-0.615647866,1.926609075,1.499440141,1.214866817,1,3,0.754153633,0.627556623,-0.699792708,-0.084399744,-0.340173642,-0.684216191,-0.360023101,0.004447753,-0.950652809,-0.097645705,0.952921356,0.069097767,0.420263835,-1.612702978,0.763427994,1.409087369,1.025305865
SS877,0.994452208,1.926609075,1.499440141,1.214866817,1,3,0.754153633,0.627556623,-0.699792708,-0.5138306,0.10685243,-0.694006356,-0.360023101,0.004447753,0.02796938,-0.097645705,0.952921356,-0.880081908,0.025399486,-0.794919266,0.612783857,1.818225894,1.139879086
SS878,0.03865575,1.926609075,1.499440141,1.214866817,1,3,0.754153633,0.627556623,-0.699792708,-0.279579939,-0.14462768,-0.596434277,-0.360023101,0.004447753,-0.498217293,-0.097645705,0.952921356,-0.376797745,0.320630852,-1.186177703,0.703291378,1.657055853,0.963787827
SS879,-0.692624762,1.926609075,1.499440141,1.214866817,1,3,0.754153633,0.627556623,-0.699792708,-0.110698501,-0.317790223,-0.522383208,-0.360023101,0.004447753,-1.019034715,-0.097645705,0.952921356,0.233930328,0.579520325,-1.585715354,0.829303773,1.413299764,0.851258349
SS882,-0.012662181,1.926609075,1.499440141,1.214866817,1,3,0.754153633,0.627556623,-0.699792708,-0.299712592,-0.125605056,-0.514428248,-0.360023101,0.004447753,-0.543249522,-0.097645705,0.952921356,-0.285203398,0.424452637,-1.156909229,0.837588438,1.491361694,0.908485019
SS883,-0.718283727,1.926609075,1.499440141,1.214866817,1,3,0.754153633,0.627556623,-0.699792708,-0.119752053,-0.310076601,-0.466853695,-0.360023101,0.004447753,-1.041666296,-0.097645705,0.952921356,0.291167437,0.636615059,-1.575884574,0.761175813,1.484299839,0.763427994
SS884,0.147706353,0.781771522,0.257283837,1.106032015,2,3,1.524290677,1.818927453,-0.699792708,-0.502429915,0.159679574,-0.05953821,-0.360023101,0.004447753,0.153370103,-0.097645705,0.952921356,-0.146754241,-0.271318324,0.470892627,0.666517981,1.017033339,1.741151599
SS885,0.532590833,1.020279346,0.257283837,1.106032015,2,3,1.524290677,1.818927453,-0.699792708,-0.686494426,0.312098095,-0.139353676,-0.360023101,0.004447753,0.195362641,-0.097645705,0.952921356,-0.194746877,-0.382937919,0.621224651,0.550228353,1.439332694,1.626340367
SS886,0.853327899,1.16338404,0.257283837,1.106032015,2,3,1.524290677,1.818927453,-0.699792708,-0.837998387,0.450928672,-0.203988126,-0.360023101,0.004447753,0.225120472,-0.097645705,0.952921356,-0.228252039,-0.464526429,0.732271753,0.574031268,1.574031268,1.705007959
SS887,0.962378502,1.258787169,0.257283837,1.106032015,2,3,1.524290677,1.818927453,-0.699792708,-0.889406467,0.501526037,-0.225629075,-0.360023101,0.004447753,0.233487606,-0.097645705,0.952921356,-0.23759909,-0.491809918,0.768752168,0.57054294,1.698970004,1.772321707
SS888,-0.769601658,0.781771522,0.257283837,1.106032015,2,3,1.524290677,1.818927453,0.242955685,0.515834552,-0.530260832,0.480788225,-0.557772199,0.185004065,0.153370103,0.062210277,1.097456765,-0.146754241,-0.340279902,0.470923507,0.683047038,0.812913357,1.633468456
SS889,-0.468108815,1.020279346,0.257283837,1.106032015,2,3,1.524290677,1.818927453,0.242955685,0.291895316,-0.423553455,0.385622535,-0.557772199,0.185004065,0.19572015,0.062210277,1.097456765,-0.195151861,-0.441564573,0.621170229,0.668385917,0.944482672,1.670245853
SS890,-0.198689679,1.16338404,0.257283837,1.106032015,2,3,1.524290677,1.818927453,0.242955685,0.103179289,-0.321665841,0.306591973,-0.557772199,0.185004065,0.225120472,0.062210277,1.097456765,-0.228252039,-0.516446368,0.73297842,0.679427897,0.977723605,1.682145076
SS932,-1.0710945,-0.45846916,-0.983662572,-0.84710912,1,3,-0.721379452,0.00749993,-0.521581374,0.335491349,-1.504757812,1.337820227,-0.633665,-0.914839187,-0.054182586,1.385074922,-1.406136978,2.011304979,-0.263451303,-0.056155984,0.783188691,1.527629901,1.053078443
SS933,-1.430320015,-0.45846916,-0.983662572,-0.84710912,1,3,-0.721379452,0.00749993,0.076795678,1.013737126,-1.86907058,1.626242295,-0.705036622,-0.948032091,-0.054182586,1.625248434,-1.406136978,2.011304979,-0.232889402,-0.0548579,0.868644438,1.281033367,1.021189299
SS934,-1.622762255,-0.45846916,-0.983662572,-0.84710912,1,3,-0.721379452,0.00749993,0.502218137,1.5124158,-2.059160694,1.833972444,-0.739742831,-0.964172958,-0.054182586,1.75832256,-1.406136978,2.011304979,-0.219280976,-0.052582742,0.924795996,0.854913022,0.924279286
SS935,-1.815204495,-0.45846916,-0.983662572,-0.84710912,1,3,-0.721379452,0.00749993,1.068595932,2.194976625,-2.245495043,2.114466063,-0.771942347,-0.979148034,-0.054182586,1.893122452,-1.406136978,2.011304979,-0.204618857,-0.053185505,0.954242509,0.710117365,0.599883072
SS939,-0.833749071,-0.45846916,-0.983662572,-0.84710912,1,3,-0.721379452,0.00749993,-0.84309338,-0.01214766,-1.256380532,1.185997336,-0.580224698,-0.889985628,-0.054182586,1.229630706,-1.406136978,2.011304979,-0.284527631,-0.05965834,0.633468456,1.910090546,1.220108088
SS940,-1.379002084,-0.45846916,-0.983662572,-0.84710912,1,3,-0.721379452,0.00749993,-0.509702709,0.3121597,-1.662763873,1.605856755,-0.635408077,-0.915649842,-0.684844991,1.39046849,-1.406136978,2.86711974,0.389033805,-0.727933248,0.758154622,1.596597096,1.053078443
SS936,-1.032606052,-0.45846916,-0.983662572,-0.84710912,1,3,-0.721379452,0.00749993,-0.509702709,0.252829492,-1.822156197,1.504967755,-0.635408077,-0.915649842,-0.967222693,1.39046849,-1.406136978,1.896994344,-0.339030924,-0.130786406,0.600972896,2.042969073,1.204119983
SS937,-1.667665444,-0.45846916,-0.983662572,-0.84710912,1,3,-0.721379452,0.00749993,0.671129279,1.675508491,-2.275853223,2.097619965,-0.750782628,-0.969307252,-0.967222693,1.803235188,-1.406136978,1.896994344,-0.282797763,-0.137369024,0.960946196,0.748188027,0.910624405
SS938,-1.808789753,-0.45846916,-0.983662572,-0.84710912,1,3,-0.721379452,0.00749993,1.094293563,2.201059477,-2.369201858,2.312199949,-0.773109291,-0.979690746,-0.967222693,1.898231821,-1.406136978,1.896994344,-0.269361227,-0.141679152,0.994317153,0.69019608,0.686636269
SS946,-0.307740282,-2.700442701,-0.659581224,-0.459514176,2,3,-0.092639521,-0.900677431,0.433045684,0.25311073,-1.750279861,0.701636088,-0.920109305,-0.722917836,-0.748849962,1.703535897,-1.313396351,-0.340510176,-0.815634563,0.633815584,0.544068044,1.155336037,1.041392685
SS947,0.128462129,-2.700442701,-0.659581224,-0.459514176,2,3,-0.092639521,-0.900677431,0.433045684,-0.076520619,-1.587805109,0.571061433,-0.920109305,-0.722917836,-0.723195859,1.703535897,-1.313396351,-0.376851694,-0.890184875,0.78352779,0.491361694,1.545307116,1.214843848
SS948,0.551835057,-3.60677243,-0.659581224,-0.459514176,2,3,-0.092639521,-0.900677431,0.433045684,-0.380755081,-1.408007679,0.450311203,-0.920109305,-0.722917836,-0.705107156,1.703535897,-1.313396351,-0.402187804,-0.947243,0.898460827,0.403120521,1.805500858,1.245512668
SS952,-0.301325541,-0.45846916,-1.947472112,-1.647459452,2,3,-0.218555952,-0.498203072,-0.84309338,-0.436547705,-1.397447041,1.622173822,-1.167851272,-0.776933956,-0.906050112,1.256903228,-1.406136978,0.603217684,-0.799534526,0.177656171,0.462397998,2.146128036,1.056904851
SS953,0.019411526,-0.45846916,-1.947472112,-1.647459452,2,3,-0.218555952,-0.498203072,-0.84309338,-0.626388122,-1.15283435,1.539711817,-1.167851272,-0.776933956,-0.877055016,1.256903228,-1.406136978,0.836746426,-0.988867686,0.358717999,0.301029996,2.431363764,1.161368002
SS954,-1.199389327,-0.45846916,-1.947472112,-1.647459452,2,3,-0.218555952,-0.498203072,0.546452879,1.024885567,-2.019630712,1.922985178,-0.74276762,-0.965579701,-0.879088209,1.770497995,-1.406136978,1.795371165,-0.836677,0.344980431,0.243038049,1.181843588,0.748188027
SS955,-0.750357434,-0.45846916,-1.947472112,-1.647459452,2,3,-0.218555952,-0.498203072,0.546452879,0.570093698,-1.753817323,1.769476321,-0.74276762,-0.965579701,-0.834534768,1.770497995,-1.406136978,1.745406094,-1.22124273,0.679170652,0.041392685,1.491361694,0.944482672
SS956,-0.301325541,-0.45846916,-1.947472112,-1.647459452,2,3,-0.218555952,-0.498203072,0.546452879,0.164686429,-1.451065719,1.620819937,-0.74276762,-0.965579701,-0.809208259,1.770497995,-1.406136978,1.717406519,-1.489259887,0.911648111,0.041392685,1.62324929,1.079181246
SS957,-1.135241914,-0.45846916,-1.947472112,-1.647459452,2,3,-0.218555952,-0.498203072,0.546452879,1.042212146,-2.019111438,1.710345462,-0.74276762,-0.965579701,-0.782021637,1.770497995,-1.406136978,1.603813004,-0.978817279,0.184708115,0.397940009,1.301029996,0.77815125
SS960,-0.942799674,-0.45846916,-1.947472112,-1.647459452,2,3,-0.218555952,-0.498203072,0.546452879,0.870437107,-1.919453442,1.632364764,-0.74276762,-0.965579701,-0.761499322,1.770497995,-1.406136978,1.540348896,-1.180144555,0.281789105,0.290034611,1.278753601,0.908485019
SS961,-1.135241914,-0.45846916,-1.947472112,-1.647459452,2,3,-0.218555952,-0.498203072,0.882206884,1.224476912,-2.048926787,1.765782423,-0.76278541,-0.974889404,-0.72982607,1.853590597,-1.406136978,1.526580251,-1.221486179,0.304622493,0.423245874,1.214843848,0.986771734
SS962,-0.68621002,-0.45846916,-1.947472112,-1.647459452,2,3,-0.218555952,-0.498203072,0.882206884,0.792922393,-1.819905532,1.568864371,-0.76278541,-0.974889404,-0.657777546,1.853590597,-1.406136978,1.423444964,-1.624469349,0.503225517,0.311753861,1.342422681,1.120573931
SS963,-0.301325541,-0.45846916,-1.947472112,-1.647459452,2,3,-0.218555952,-0.498203072,0.882206884,0.460545979,-1.600784871,1.42529479,-0.76278541,-0.974889404,-0.619749347,1.853590597,-1.406136978,1.370543003,-1.871852142,0.627321665,0.230448921,1.537819095,1.252853031
SS964,0.083558939,-0.45846916,-1.947472112,-1.647459452,2,3,-0.218555952,-0.498203072,0.882206884,0.151619245,-1.356078219,1.295164522,-0.76278541,-0.974889404,-0.593465151,1.853590597,-1.406136978,1.334569601,-2.06200732,0.724238591,0.176091259,1.72427587,1.342422681
SS983,-0.622062607,-0.45846916,-1.947472112,-1.647459452,2,2,-0.218555952,-0.498203072,-0.84309338,-0.246922963,-1.619074155,1.709516685,-1.167851272,-0.776933956,-0.944238776,1.256903228,-1.406136978,0.251058905,-0.588343677,-0.024718078,0.602059991,1.748188027,0.832508913
SS984,-0.622062607,-0.45846916,-1.947472112,-1.647459452,2,2,-0.218555952,-0.498203072,0.546452879,0.428080981,-1.70742843,1.968468049,-0.954455645,-0.924864373,-0.825783199,1.787665531,-1.406136978,1.194968998,-1.32856901,0.753388696,0.423245874,1.260071388,0.934498451
SS987,-0.942799674,-0.45846916,-1.947472112,-1.647459452,2,2,-0.218555952,-0.498203072,0.546452879,0.740738275,-1.910345881,2.09700087,-0.954455645,-0.924864373,-0.850093112,1.787665531,-1.406136978,1.03284566,-1.100636737,0.551712742,0.380211242,0.986771734,0.72427587
SS988,-0.622062607,-0.45846916,-1.947472112,-1.647459452,2,2,-0.218555952,-0.498203072,0.546452879,0.428080981,-1.70742843,1.968468049,-0.954455645,-0.924864373,-0.825783199,1.787665531,-1.406136978,1.194968998,-1.32856901,0.753388696,0.423245874,1.260071388,0.939519253
SS989,-0.622062607,-0.45846916,-1.947472112,-1.647459452,2,2,-0.218555952,-0.498203072,0.546452879,0.5818108,-1.785342099,1.688885088,-0.954455645,-0.924864373,-0.714063516,1.787665531,-1.406136978,0.859731476,-1.479664252,0.416901519,0.447158031,1.212187604,1
SS990,-0.622062607,-0.45846916,-1.947472112,-1.647459452,2,2,-0.218555952,-0.498203072,0.546452879,0.581991101,-1.792435602,1.678539404,-0.954455645,-0.924864373,-0.68667152,1.787665531,-1.406136978,0.859731476,-1.479664252,0.416901519,0.414973348,1.305351369,0.903089987
SS994,-0.660551055,-0.267662901,-1.947472112,-1.647459452,2,2,-0.218555952,-0.498203072,0.232716502,0.229819456,-0.271962163,1.00695756,1.44629986,-2.951840456,-0.734673735,-0.383593936,-0.967546667,1.533661734,0.504717442,0.294331588,1.120573931,0.633468456,1.404833717
SS995,-0.660551055,-0.267662901,-1.947472112,-1.647459452,2,2,-0.218555952,-0.498203072,0.232716502,0.229819456,-0.271962163,1.00695756,1.44629986,-2.951840456,-0.734673735,-0.383593936,-0.967546667,1.533661734,0.504717442,0.294331588,1.096910013,0.62324929,1.394451681
SS996,-0.660551055,-0.267662901,-1.947472112,-1.647459452,2,2,-0.218555952,-0.498203072,0.232716502,0.22963804,-0.26466582,1.018765395,1.44629986,-2.951840456,-0.757378969,-0.383593936,-0.967546667,1.533661734,0.504717442,0.294331588,1.122215878,0.62324929,1.411619706
SS1000,0.660885659,-1.412500454,-1.947472112,-1.647459452,2,2,-0.218555952,-0.498203072,0.242955685,-0.524730274,-0.034482268,0.791885207,0.124582254,-1.008863344,-0.600857062,0.569690371,-0.917152021,1.344638501,-1.6081327,0.690032117,0.556302501,2.158362492,1.591064607
SS998,0.019411526,-0.267662901,-2.771260934,-1.647459452,2,2,-0.218555952,-0.498203072,0.242955685,-0.091999855,-0.582296009,0.37229949,0.124582254,-1.008863344,-0.657229846,0.569690371,-0.917152021,1.716639975,-0.998943606,-0.57597416,0.77815125,1.977723605,1.496929648
SS999,0.654470918,0.304755875,-1.947472112,-1.647459452,2,2,-0.218555952,-0.498203072,0.242955685,-0.444929812,0.100890462,0.76208532,-0.307589057,0.101007761,-0.603605102,-0.083587258,0.64674754,1.348391254,-1.894533269,0.692471143,0.662757832,2.136720567,1.727541257
SS1002,-1.411075791,-0.45846916,-1.839926054,-1.558152882,1,2,-1.38752736,0.2071136,-0.570161482,0.188574957,-0.549575679,1.510228929,0.05807213,-0.114911881,-1.013393717,-0.273432154,0.289298868,3.059059691,1.054233352,-0.646135721,0.710963119,1.880813592,1.330413773
SS1004,-1.282780964,-0.45846916,-0.659581224,-0.577990997,1,2,-1.38752736,0.2071136,-0.734227419,0.008548451,-0.444950779,-0.47303341,-0.349877718,-0.004815567,-1.545221388,-0.105361914,0.945944667,1.031769657,0.864240346,-2.066042155,1.158362492,1.397940009,1.418301291
SS1005,-1.372587343,-0.45846916,-2.771260934,-2.331536159,1,2,-1.38752736,0.2071136,-0.570161482,0.237041065,-0.709272851,0.814141655,0.05807213,-0.114911881,-1.545221388,-0.273432154,0.289298868,2.947069024,0.94918288,-2.066042155,0.880241776,2.079181246,1.392696953
SS1006,-1.289195706,-0.45846916,-0.659581224,-0.577990997,1,2,-1.38752736,0.2071136,-0.734227419,-0.11198741,-0.389461057,0.720982771,-0.349877718,-0.004815567,-1.418457905,-0.105361914,0.945944667,1.059069118,0.886182428,-0.702164318,1.056904851,1.698970004,1.276461804
SS1007,-1.385416826,-0.45846916,-1.839926054,-1.558152882,1,2,-1.38752736,0.2071136,-0.570161482,0.137635552,-0.681888129,1.863656729,0.05807213,-0.114911881,-1.418457905,-0.273432154,0.289298868,2.974638127,0.977527193,-0.685296327,0.924795996,1.843855423,1.330413773
SS1010,-1.039020794,-0.45846916,-1.839926054,-1.558152882,1,2,-1.38752736,0.2071136,-0.570161482,0.237629143,-0.438457988,1.020679347,0.05807213,-0.114911881,-0.054182586,-0.273432154,0.289298868,2.011304979,0.21724814,-0.058510702,0.798995734,1.662757832,1.243038049
SS1008,-1.346928378,-0.45846916,-1.839926054,-1.558152882,1,2,-1.38752736,0.2071136,-0.570161482,0.1958587,-0.548918641,1.335787072,0.05807213,-0.114911881,-0.684844991,-0.273432154,0.289298868,2.86711974,0.878195764,-0.729020985,0.857633985,1.714916248,1.08278537
SS1022,1.225382896,-0.45846916,1.047072094,0.839219035,1,3,-0.786120456,-1.595323368,-0.953219275,-1.392781146,1.073358589,-1.229655967,1.037827078,-0.317021121,-0.753860646,-0.944554032,-0.350677489,-0.333355123,-0.339486708,0.632361281,0.517195898,1.910624405,1.711807229
SS1023,1.712903238,-0.45846916,1.047072094,0.839219035,1,3,-0.786120456,-1.595323368,-0.953219275,-1.628723617,1.223027911,-1.321440689,1.037827078,-0.317021121,-0.726950118,-0.944554032,-0.350677489,-0.371563604,-0.512886952,0.784342038,0.307496038,2.605305046,1.722633923
SS1030,1.475557808,-0.45846916,1.047072094,0.839219035,1,3,-0.786120456,-1.595323368,0.242955685,-1.207477078,0.810288628,-0.873066177,0.786698425,0.140640728,-0.686904688,-0.825103437,-0.089448855,-0.427447644,-0.877000776,1.050120812,0.517195898,2.294466226,1.648360011
SS1012,1.167650224,-0.45846916,0.919449097,0.733240515,1,3,-0.786120456,-1.595323368,-0.953219275,-1.177992447,1.451186419,-0.891112513,1.037827078,-0.317021121,0.229160422,-0.944554032,-0.350677489,-0.232769131,-0.224484498,0.733590345,0.716003344,1.819543936,1.63447727
SS1013,1.655170566,-0.45846916,0.919449097,0.733240515,1,3,-0.786120456,-1.595323368,-0.953219275,-1.378873764,1.63426961,-0.978239926,1.037827078,-0.317021121,0.264897378,-0.944554032,-0.350677489,-0.272404061,-0.387815577,0.88834647,0.450249108,2.230448921,1.625312451
SS1014,2.007981339,-0.45846916,0.919449097,0.733240515,1,3,-0.786120456,-1.595323368,-0.953219275,-1.525686057,1.783289522,-1.040743041,1.037827078,-0.317021121,0.286169376,-0.944554032,-0.350677489,-0.29572543,-0.496833367,0.991502865,0.340444115,2.672097858,1.638489257
SS1019,1.417825136,-0.45846916,0.919449097,0.733240515,1,3,-0.786120456,-1.595323368,0.242955685,-1.000621095,1.20062293,-0.59881981,0.786698425,0.140640728,0.318077372,-0.825103437,-0.089448855,-0.330337434,-0.73780868,1.162019427,0.672097858,2.653212514,1.559906625
SS1032,0.744277297,-0.45846916,-0.50117226,-0.446447718,2,2,-0.786120456,-1.595323368,-0.688955213,-0.894055076,0.863981485,0.244564304,-0.363163252,0.007314891,0.156319411,-0.095248359,0.95508894,1.332881712,-1.101535349,0.913054043,0.780317312,1.840106094,1.62838893
SS1031,0.763521521,-0.45846916,-0.50117226,-0.446447718,2,2,-0.786120456,-1.595323368,0.240232764,-0.659920722,0.635018339,0.491319222,-0.557376072,0.184642378,0.2075226,0.061870949,1.097149958,1.547824293,-1.621315949,1.303216618,0.752048448,2.275311355,1.59439255
SS1033,0.077144198,-0.45846916,-0.50117226,-0.446447718,2,2,-0.786120456,-1.595323368,0.240232764,-0.197653756,0.134983894,0.644089514,-0.557376072,0.184642378,0.178444246,0.061870949,1.097149958,1.428583357,-1.342994689,1.072296548,0.88422877,1.629409599,1.595496222
SS1040,1.744976944,-0.45846916,-0.983662572,-0.189100315,2,2,-0.786120456,-1.595323368,-0.713462154,-1.261155307,0.915070601,-0.383510004,-0.356026486,0.000798613,0.286169376,-0.100690712,0.950168182,-0.29572543,-0.653543042,0.990611394,0.777426822,1.973127854,1.760422483
SS1055,-0.333399247,-0.45846916,-0.50117226,-0.316836129,2,1,-1.236621747,0.203854752,-0.23247689,0.031822116,-0.644398957,0.932261461,-0.554045006,-0.888977384,0.15853739,1.599075824,-0.643083701,0.960683175,-1.043262906,0.47824341,0.613841822,1.630427875,1.195899652
SS1060,-0.403961402,-0.45846916,-0.50117226,-1.411287753,2,1,-1.236621747,0.203854752,-0.23247689,0.007301059,-0.480990534,1.171797068,-0.554045006,-0.888977384,0.103851947,1.599075824,-0.643083701,1.879181685,-1.477685632,0.602180688,0.608526034,1.789580712,1.10720997
SS1072,-0.371887695,-0.45846916,-0.659581224,-0.577990997,2,2,0.551581093,2.067283677,0.242955685,0.089556291,0.532743613,-0.146831225,0.786698425,0.140640728,0.210441064,-0.825103437,-0.089448855,-0.211775577,-0.296883336,0.658244852,0.989894564,1.814913181,1.580924976
SS1073,-0.968458639,-0.45846916,-0.659581224,-0.577990997,2,2,0.551581093,2.067283677,0.242955685,0.530706597,0.365080376,0.046548954,0.786698425,0.140640728,0.121098674,-0.825103437,-0.089448855,-0.109288578,-0.025223389,0.347627534,1.008600172,1.948412966,1.57634135
SS1074,-1.513711652,-0.45846916,-0.659581224,-0.577990997,2,2,0.551581093,2.067283677,0.242955685,1.006676502,0.238397843,0.282995892,0.786698425,0.140640728,-0.054182586,-0.825103437,-0.089448855,0.103723998,0.34638256,-0.079522959,1.068185862,2.017033339,1.474216264
SS1077,-0.384717178,-0.45846916,-0.659581224,-0.577990997,2,2,0.551581093,2.067283677,1.185704078,0.402964877,0.361509796,0.041065702,0.697675292,0.302878255,0.286169376,-0.773706957,0.022951024,-0.29572543,-0.620429545,0.991153776,0.866287339,2.26904571,1.677606953
SS1078,-0.679795279,-0.45846916,-0.659581224,-0.577990997,2,2,0.551581093,2.067283677,1.185704078,0.669781384,0.269144385,0.150614179,0.697675292,0.302878255,0.264897378,-0.773706957,0.022951024,-0.272404061,-0.536490649,0.887786185,0.904174368,2.284791556,1.626340367
SS1079,-1.013361828,-0.45846916,-0.659581224,-0.577990997,2,2,0.551581093,2.067283677,1.185704078,1.006536639,0.171570163,0.290499206,0.697675292,0.302878255,0.229160422,-0.773706957,0.022951024,-0.232769131,-0.411765437,0.733570548,0.840106094,2.439332694,1.456366033
SS1081,-1.706153892,-0.45846916,-0.659581224,-0.577990997,2,2,0.551581093,2.067283677,1.185704078,1.908409593,-0.008621051,0.687015137,0.697675292,0.302878255,0.043668603,-0.773706957,0.022951024,-0.017237387,0.066852912,0.141007274,0.872738827,2.475671188,1.51851394
SS1082,0.622397211,-0.45846916,-0.659581224,-0.577990997,2,2,0.551581093,2.067283677,2.128452471,-0.272242408,0.653535382,-0.200290801,0.653174011,0.383978273,0.349134489,-0.745796618,0.083988641,-0.36360941,-0.915662026,1.348371618,0.943494516,2.281033367,1.722633923
SS1083,-0.34622873,-0.45846916,-0.659581224,-0.577990997,2,2,0.551581093,2.067283677,2.128452471,0.542490995,0.291277896,0.127188983,0.653174011,0.383978273,0.328713371,-0.745796618,0.083988641,-0.341777749,-0.818834779,1.224325421,0.953759692,2.318063335,1.668385917
SS1084,-0.968458639,-0.45846916,-0.659581224,-0.577990997,2,2,0.551581093,2.067283677,2.128452471,1.224881037,0.094796489,0.403052148,0.653174011,0.383978273,0.300634334,-0.745796618,0.083988641,-0.311470706,-0.693510367,1.064244164,0.985875357,2.330413773,1.653212514
SS1085,-1.558614842,-0.45846916,-0.659581224,-0.577990997,2,2,0.551581093,2.067283677,2.128452471,2.128218086,-0.070021097,0.773806826,0.653174011,0.383978273,0.229160422,-0.745796618,0.083988641,-0.232769131,-0.433753675,0.730767495,1.008600172,2.342422681,1.546542663
SS1144,0.90464583,1.449593428,0.546134351,0.423238831,1,4,-1.739445248,-0.612556762,-1.56328965,-1.34467321,1.768740754,-1.236156889,1.349992108,-0.494304745,0.121202864,-1.147408866,-0.508377438,-0.10941037,0.208443587,0.380561467,0.503790683,1.602059991,1.596597096
SS1145,1.764221168,1.449593428,0.546134351,0.423238831,1,4,-1.739445248,-0.612556762,-1.56328965,-1.614266293,2.007749475,-1.371076982,1.349992108,-0.494304745,0.216709792,-1.147408866,-0.508377438,-0.218823915,-0.148629011,0.702572216,0.42975228,2.176091259,1.64738297
SS1148,1.430654619,1.449593428,0.546134351,0.423238831,1,4,-1.739445248,-0.612556762,-0.953219275,-1.283226014,1.568845288,-0.956407087,1.081931429,-0.147393677,0.246230115,-1.030915888,-0.330867963,-0.251772623,-0.372345045,0.823592107,0.587710965,2.041392685,1.760422483
SS1170,0.61598247,-0.45846916,0.827342413,1.106032015,1,3,0.754153633,0.627556623,-0.904926684,-0.716216446,0.616486486,-1.177089749,0.925136167,0.676394395,-0.291471977,-0.834294412,-1.013315389,-0.535746459,0.99332594,-0.961387022,0.51851394,1.806179974,1.053078443
SS1171,0.166950577,-0.45846916,0.827342413,1.106032015,1,3,0.754153633,0.627556623,-0.904926684,-0.622777789,0.518043019,-1.151843924,0.925136167,0.676394395,-0.542221859,-0.834294412,-1.013315389,-0.286274302,1.204849673,-1.166698712,0.653212514,1.617000341,0.991226076
SS1172,-0.577159418,-0.45846916,0.827342413,1.106032015,1,3,0.754153633,0.627556623,-0.904926684,-0.47597406,0.363174413,-1.128611662,0.925136167,0.676394395,-1.043721623,-0.834294412,-1.013315389,0.293815597,1.576416206,-1.584513017,0.77815125,1.369215857,0.982271233
SS1173,2.469842715,-0.45846916,0.827342413,1.106032015,1,3,0.754153633,0.627556623,-0.904926684,-1.071789079,0.991968866,-1.473315787,0.925136167,0.676394395,0.550934502,-0.834294412,-1.013315389,-1.302331322,-0.00584382,-0.369641046,0.431363764,2.164352856,1.33243846
SS1174,1.199723931,-0.45846916,0.827342413,1.106032015,1,3,0.754153633,0.627556623,-0.904926684,-0.786743858,0.677738682,-1.355468955,0.925136167,0.676394395,0.02689553,-0.834294412,-1.013315389,-0.879143914,0.609345067,-0.803570718,0.380211242,2.05804623,1.204119983
SS1175,0.680129883,-0.45846916,0.827342413,1.106032015,1,3,0.754153633,0.627556623,-0.904926684,-0.684098042,0.572267423,-1.311776027,0.925136167,0.676394395,-0.235123957,-0.834294412,-1.013315389,-0.640043444,0.866823537,-1.001779916,0.579783597,1.797959644,1.152288344
SS1176,0.224683249,-0.45846916,0.827342413,1.106032015,1,3,0.754153633,0.627556623,-0.904926684,-0.600175279,0.486908056,-1.27489018,0.925136167,0.676394395,-0.497143443,-0.834294412,-1.013315389,-0.3779256,1.097914974,-1.194613992,0.681241237,1.650307523,1.123851641
SS1177,-0.551500452,-0.45846916,0.827342413,1.106032015,1,3,0.754153633,0.627556623,-0.904926684,-0.464152164,0.348848373,-1.210600266,0.925136167,0.676394395,-1.021182415,-0.834294412,-1.013315389,0.236754828,1.521065688,-1.594406511,0.799340549,1.250420002,1.029383778
SS1178,2.630211248,-0.45846916,0.827342413,1.106032015,1,3,0.754153633,0.627556623,-0.904926684,-0.873892342,0.696300524,-1.950746215,0.925136167,0.676394395,0.823345684,-0.834294412,-1.013315389,-1.66260949,-0.500000448,-0.579029333,0.602059991,2.353723938,1.367355921
SS1179,1.392166171,-0.45846916,0.827342413,1.106032015,1,3,0.754153633,0.627556623,-0.904926684,-0.665711016,0.512615378,-1.802050912,0.925136167,0.676394395,0.231203916,-0.834294412,-1.013315389,-1.197256305,0.227339673,-0.940434389,0.672097858,2.067814511,1.328379603
SS1180,0.85974264,-0.45846916,0.827342413,1.106032015,1,3,0.754153633,0.627556623,-0.904926684,-0.590530784,0.448277335,-1.729206622,0.925136167,0.676394395,-0.064866968,-0.834294412,-1.013315389,-0.930927305,0.537192218,-1.106945367,0.72427587,1.881954971,1.271841607
SS1181,0.397881265,-0.45846916,0.827342413,1.106032015,1,3,0.754153633,0.627556623,-0.904926684,-0.535749265,0.398664372,-1.654750007,0.925136167,0.676394395,-0.360937852,-0.834294412,-1.013315389,-0.635717762,0.806422742,-1.267017033,0.662757832,1.687528961,1.041392685
SS1182,-0.468108815,-0.45846916,0.827342413,1.106032015,1,3,0.754153633,0.627556623,-0.904926684,-0.432553662,0.308525297,-1.461590575,0.925136167,0.676394395,-0.95307962,-0.834294412,-1.013315389,0.072409941,1.360257089,-1.620462502,0.826074803,1.607455023,0.944482672
SS1189,-1.048642906,-0.45846916,0.546134351,0.656754849,2,4,-0.015983412,-0.086750605,0.242955685,0.802878963,-0.646801765,0.497926248,-0.557772199,0.185004065,0.158686096,0.062210277,1.097456765,-0.239054247,-0.020808392,0.119567751,0.903089987,0.763427994,1.283301229
SS1190,-0.502748418,-0.45846916,0.546134351,0.656754849,2,4,-0.015983412,-0.086750605,0.242955685,0.401913575,-0.475677965,0.336366661,-0.557772199,0.185004065,0.270746725,0.062210277,1.097456765,-0.37341391,-0.002667822,0.38161095,0.875061263,1.010723865,1.385606274
SS1191,-0.064621585,-0.45846916,0.546134351,0.656754849,2,4,-0.015983412,-0.086750605,0.242955685,0.109019372,-0.319860675,0.218881832,-0.557772199,0.185004065,0.325289509,0.062210277,1.097456765,-0.436488302,0.002601271,0.541001607,0.77815125,1.181843588,1.152288344
SS1192,0.293962455,-0.45846916,0.546134351,0.656754849,2,4,-0.015983412,-0.086750605,0.242955685,-0.117248774,-0.179349784,0.128274282,-0.557772199,0.185004065,0.35801518,0.062210277,1.097456765,-0.473643784,0.00597199,0.647210487,0.875061263,1.303843775,1.419955748
SS1193,1.088748906,-0.45846916,0.546134351,0.656754849,2,4,-0.015983412,-0.086750605,0.242955685,-0.590567989,0.183023363,-0.060992674,-0.557772199,0.185004065,0.407103685,0.062210277,1.097456765,-0.528443947,0.006967281,0.831367465,0.780317312,1.576916956,1.521138084
SS1195,-0.477730927,-0.45846916,0.546134351,0.656754849,2,4,-0.015983412,-0.086750605,0.242955685,0.32919631,-0.435066,0.404575836,-0.557772199,0.185004065,0.230752518,0.062210277,1.097456765,-0.272650236,0.144057008,0.518261769,0.780317312,0.944482672,1.413299764
SS1196,-0.03896262,-0.45846916,0.546134351,0.656754849,2,4,-0.015983412,-0.086750605,0.242955685,0.031985245,-0.268670829,0.281025986,-0.557772199,0.185004065,0.281250434,0.062210277,1.097456765,-0.334250035,0.163280926,0.677699451,0.687528961,0.961421094,1.418301291
SS1197,0.324111739,-0.45846916,0.546134351,0.656754849,2,4,-0.015983412,-0.086750605,0.242955685,-0.200131332,-0.116595553,0.185644185,-0.557772199,0.185004065,0.311744345,0.062210277,1.097456765,-0.370784622,0.175461,0.784983136,0.716003344,1.281033367,1.437750563
SS1198,1.11569082,-0.45846916,0.546134351,0.656754849,2,4,-0.015983412,-0.086750605,0.242955685,-0.677631996,0.269616579,-0.008731931,-0.557772199,0.185004065,0.357607187,0.062210277,1.097456765,-0.424826414,0.194036991,0.966288812,0.713490543,1.51054501,1.437750563
SS1203,-0.491843358,-0.45846916,0.827342413,-0.577990997,2,2,-0.015983412,-0.086750605,0.242955685,0.550920022,-0.346308696,0.618429602,-0.557772199,0.185004065,1.214313003,0.062210277,1.097456765,0.364890473,-1.312412256,1.015596795,0.930439595,1.220892249,1.555094449
SS1204,-0.564971409,-0.45846916,0.827342413,-0.577990997,2,2,-0.015983412,-0.086750605,0.242955685,0.528895684,-0.328059758,0.739122089,-0.557772199,0.185004065,1.131260247,0.062210277,1.097456765,0.51702557,-1.208526254,1.188163693,0.778874472,1.134495856,1.525044807
SS1205,-0.491843358,-0.45846916,0.827342413,-0.577990997,2,2,-0.015983412,-0.086750605,0.242955685,0.550920022,-0.346308696,0.618429602,-0.557772199,0.185004065,1.214313003,0.062210277,1.097456765,0.364890473,-1.312412256,1.015596795,0.875061263,1.194514342,1.29666519
SS1237,-0.698398029,-0.45846916,0.257283837,-0.316836129,2,3,1.002082384,-1.317873435,-0.322186218,-0.19492602,0.035269798,-0.533822704,-0.028829965,0.585671925,-1.44198275,1.74850084,1.158316349,0.762073202,0.722990241,-2.066042155,0.84509804,1.51054501,1.457881897
SS1238,-0.094129396,-0.45846916,0.257283837,-0.316836129,2,3,1.002082384,-1.317873435,-0.322186218,-0.589228844,0.21500166,-0.637763955,-0.028829965,0.585671925,-1.407583635,1.74850084,1.158316349,0.677830316,0.732309736,-2.066042155,0.826074803,1.710963119,1.334453751
SS1239,0.376712618,-0.45846916,0.257283837,-0.316836129,2,3,1.002082384,-1.317873435,-0.322186218,-0.868784434,0.369164999,-0.726206358,-0.028829965,0.585671925,-1.390363431,1.74850084,1.158316349,0.636616837,0.73789352,-2.066042155,0.653212514,1.871572936,1.352182518
SS1241,-1.081358086,-0.45846916,0.257283837,-0.316836129,2,3,1.002082384,-1.317873435,0.173191756,0.337992059,0.057964736,-0.410899572,0.100968749,0.588857846,-1.44198275,-0.718826928,1.094175847,0.762073202,0.846325354,-2.066042155,0.954242509,2.167612673,1.491361694
SS1242,-0.577800892,-0.45846916,0.257283837,-0.316836129,2,3,1.002082384,-1.317873435,0.173191756,-0.089605761,0.191442659,-0.524626422,0.100968749,0.588857846,-1.407583635,-0.718826928,1.094175847,0.677830316,0.823600083,-2.066042155,0.84509804,2.18723862,1.46834733
SS1244,0.186836275,-0.45846916,0.257283837,-0.316836129,2,3,1.002082384,-1.317873435,0.173191756,-0.63687731,0.417186842,-0.704719592,0.100968749,0.588857846,-1.380039567,-0.718826928,1.094175847,0.612204133,0.801505358,-2.066042155,0.574031268,2.229169703,1.290034611
SS1245,0.740428452,-0.45846916,0.257283837,-0.316836129,2,3,1.002082384,-1.317873435,0.173191756,-0.984578006,0.602091587,-0.828633182,0.100968749,0.588857846,-1.368229067,-0.718826928,1.094175847,0.584541635,0.790504009,-2.066042155,0.525044807,2.293583513,1.334453751
SS1246,-1.21221881,-0.45846916,0.257283837,-0.316836129,2,3,1.002082384,-1.317873435,1.00408824,0.844188724,-0.110862608,-0.064874795,0.019972222,0.685638862,-1.407583635,-0.587320522,1.327432694,0.677830316,0.800167627,-2.066042155,0.86923172,2.2509077,1.387389826
SS1247,-0.643872728,-0.45846916,0.257283837,-0.316836129,2,3,1.002082384,-1.317873435,1.00408824,0.224157557,0.044730122,-0.276281673,0.019972222,0.685638862,-1.380039567,-0.587320522,1.327432694,0.612204133,0.786009583,-2.066042155,0.740362689,2.305781151,1.369215857
SS1251,-1.384133877,-0.45846916,0.546134351,0.423238831,2,4,1.002082384,0.12185362,1.00408824,1.317910921,-0.169940781,0.031786121,0.019972222,0.685638862,-1.00441254,-0.587320522,1.327432694,0.132480166,2.440138888,-2.066042155,1.031448862,2.34849957,1.640481437
SS1252,-0.994759078,-0.45846916,0.546134351,0.423238831,2,4,1.002082384,0.12185362,1.00408824,0.861926994,-0.077525094,-0.100867114,0.019972222,0.685638862,-0.98009626,-0.587320522,1.327432694,0.065405617,2.580811943,-2.066042155,0.936564005,2.314709693,1.45331834
SS1253,-0.360341161,-0.45846916,0.546134351,0.423238831,2,4,1.002082384,0.12185362,1.00408824,0.261517201,0.087919362,-0.306394366,0.019972222,0.685638862,-0.960625721,-0.587320522,1.327432694,0.012863202,2.718112823,-2.066042155,0.928754202,2.153814864,1.267171728
SS1256,1.112483449,-0.45846916,0.257283837,0.183376499,1,3,0.754153633,0.627556623,-0.699792708,-0.552157298,0.498774641,-0.151200023,-0.360023101,0.004447753,1.669050058,-0.097645705,0.952921356,-1.133742764,0.225396289,1.004491223,0.653212514,1.57634135,1.64246452
SS1257,0.639075539,-0.45846916,0.257283837,0.183376499,1,3,0.754153633,0.627556623,-0.699792708,-0.404615764,0.312251003,-0.080694419,-0.360023101,0.004447753,1.381844617,-0.097645705,0.952921356,-0.96272264,0.241639199,0.778835802,0.672097858,1.187520721,1.603144373
SS1258,0.23109799,-0.45846916,0.257283837,0.183376499,1,3,0.754153633,0.627556623,-0.699792708,-0.282834555,0.168829932,-0.018493945,-0.360023101,0.004447753,1.094639177,-0.097645705,0.952921356,-0.78024523,0.246122478,0.575844165,0.851258349,0.890421019,1.225309282
SS1259,1.148406,-0.45846916,0.257283837,0.183376499,1,3,0.754153633,0.627556623,-0.699792708,-0.543471727,0.548832678,-0.114150609,-0.360023101,0.004447753,1.673155632,-0.097645705,0.952921356,-1.191793805,0.148650954,0.941136511,0.633468456,1.553883027,1.662757832
SS1260,0.667300401,-0.45846916,0.257283837,0.183376499,1,3,0.754153633,0.627556623,-0.699792708,-0.396700326,0.349390448,-0.047610697,-0.360023101,0.004447753,1.385265929,-0.097645705,0.952921356,-1.014293644,0.181505056,0.724736446,0.653212514,1.217483944,1.537819095
SS1261,0.256756955,-0.45846916,0.257283837,0.183376499,1,3,0.754153633,0.627556623,-0.699792708,-0.27794967,0.19807859,0.009173542,-0.360023101,0.004447753,1.097376226,-0.097645705,0.952921356,-0.824419727,0.198927312,0.534341379,0.740362689,0.907948522,1.271841607
SS1263,0.699374107,-0.45846916,0.257283837,0.183376499,1,3,0.754153633,0.627556623,-0.699792708,-0.390624971,0.388368942,-0.016905809,-0.360023101,0.004447753,1.386804965,-0.097645705,0.952921356,-1.064906675,0.121901736,0.675196466,0.62324929,1.198657087,1.5289167
SS1264,0.282415921,-0.45846916,0.257283837,0.183376499,1,3,0.754153633,0.627556623,-0.699792708,-0.273202047,0.227319956,0.035552815,-0.360023101,0.004447753,1.098607455,-0.097645705,0.952921356,-0.867889463,0.153039925,0.494336629,0.69019608,0.860338007,1.193124598
SS1266,0.981622726,-0.45846916,0.257283837,1.106032015,1,3,0.754153633,0.627556623,-0.699792708,-0.745168367,0.561136403,-0.179910027,-0.360023101,0.004447753,-0.125659226,-0.097645705,0.952921356,-0.475766307,-0.729034928,-0.383123,0.62838893,1.677606953,1.40654018
SS1267,0.340148593,-0.45846916,0.257283837,1.106032015,1,3,0.754153633,0.627556623,-0.699792708,-0.521891245,0.243612026,-0.138914721,-0.360023101,0.004447753,-0.388923482,-0.097645705,0.952921356,-0.25210497,-0.390832314,-0.713795716,0.815577748,1.489958479,1.447158031
SS1268,1.623096859,-0.45846916,0.257283837,1.106032015,1,3,0.754153633,0.627556623,-0.904926684,-1.161246018,1.451015287,-0.649712312,0.925136167,0.676394395,0.011134946,-0.834294412,-1.013315389,-0.585116672,-0.490318983,-0.198870262,0.444044796,1.923761961,1.565847819
SS1269,0.981622726,-0.45846916,0.257283837,1.106032015,1,3,0.754153633,0.627556623,-0.904926684,-0.967986069,1.132050916,-0.618897026,0.925136167,0.676394395,-0.217285511,-0.834294412,-1.013315389,-0.399988587,-0.051242,-0.501198057,0.607455023,1.748962861,1.62838893
SS1270,0.340148593,-0.45846916,0.257283837,1.106032015,1,3,0.754153633,0.627556623,-0.904926684,-0.783334885,0.850558625,-0.617794448,0.925136167,0.676394395,-0.499907433,-0.834294412,-1.013315389,-0.152022677,0.430639662,-0.84663737,0.725911632,1.507855872,1.629409599
SS1272,-0.447581643,1.926609075,0.827342413,1.214866817,1,3,0.754153633,0.627556623,0.242955685,0.244517419,0.04597206,-0.347631702,0.833986817,0.875190244,-0.226727894,-0.651872689,-1.206811019,-0.478677746,1.660805187,-0.768488433,0.698970004,1.680335513,1.571708832
SS1273,-0.94536557,1.926609075,0.827342413,1.214866817,1,3,0.754153633,0.627556623,0.242955685,0.497299048,-0.080257559,-0.281540013,0.833986817,0.875190244,-0.586451054,-0.651872689,-1.206811019,-0.142404824,1.778870634,-1.108335734,0.77815125,1.745855195,1.51851394
SS1274,0.657678289,1.926609075,0.827342413,1.214866817,1,3,0.754153633,0.627556623,0.242955685,-0.17187837,0.307541896,-0.234758139,0.833986817,0.875190244,0.86236553,-0.651872689,-1.206811019,-1.425523665,0.47541444,1.109198301,0.447158031,1.610660163,1.544068044
SS1275,-0.106958878,1.926609075,0.827342413,1.214866817,1,3,0.754153633,0.627556623,0.242955685,0.171091439,0.052359052,-0.159287249,0.833986817,0.875190244,0.466432524,-0.651872689,-1.206811019,-1.124495451,0.75122923,0.836729528,0.602059991,1.794488047,1.562292864
SS1276,-0.627835874,1.926609075,0.827342413,1.214866817,1,3,0.754153633,0.627556623,0.242955685,0.427337575,-0.077221975,-0.054938053,0.833986817,0.875190244,0.075289915,-0.651872689,-1.206811019,-0.86272097,0.896974697,0.533579718,0.672097858,1.857935265,1.572871602
SS1279,-0.705454244,-0.45846916,0.827342413,1.214866817,1,3,0.754153633,0.627556623,0.242955685,0.534263838,0.099731432,0.169887303,0.833986817,0.875190244,1.094639177,-0.651872689,-1.206811019,-0.78024523,1.025620167,0.576649151,0.602059991,1.255272505,1.525044807
SS1282,-0.65349484,-0.45846916,0.827342413,1.214866817,1,3,0.754153633,0.627556623,0.242955685,0.553745895,0.093912013,0.076914115,0.833986817,0.875190244,1.141615814,-0.651872689,-1.206811019,-0.894634298,0.592066057,0.470997396,0.740362689,1.245512668,1.492760389
SS1285,0.237512731,-1.412500454,0.109860603,0.423238831,2,4,1.073789386,0.627556623,-0.699792708,-0.618402325,0.346006662,-0.173026262,0.315994218,-1.173324372,0.171298062,-0.176363514,1.006375069,-0.16734733,0.282220206,0.497216491,0.854913022,1.269512944,1.149219113
SS1286,0.23109799,-0.45846916,0.109860603,0.423238831,2,4,1.073789386,0.627556623,-0.699792708,-0.615800323,0.345689606,-0.171382948,0.315994218,-1.173324372,0.167556717,-0.176363514,1.006375069,-0.163062637,0.279918029,0.498920402,0.874481818,1.264817823,1.240549248
SS1288,0.42354023,-2.843547395,0.109860603,0.423238831,2,4,1.073789386,0.627556623,-0.699792708,-0.705008534,0.415626835,-0.211370041,0.315994218,-1.173324372,0.195539383,-0.176363514,1.006375069,-0.194947097,0.193952168,0.564487671,0.757396029,1.611723308,1.08278537
SS1289,0.42354023,-1.412500454,0.109860603,0.423238831,2,4,1.073789386,0.627556623,-0.699792708,-0.74472859,0.462876246,-0.158182431,0.315994218,-1.173324372,0.159830309,-0.176363514,1.006375069,-0.119704356,0.235081165,0.660700625,0.802773725,1.57054294,1.23299611
SS1290,0.410710747,-0.45846916,0.109860603,0.423238831,2,4,1.073789386,0.627556623,-0.699792708,-0.738482889,0.458906638,-0.155906709,0.315994218,-1.173324372,0.156378069,-0.176363514,1.006375069,-0.116241846,0.23533723,0.658290573,0.887054378,1.517195898,1.385606274
SS1292,0.603152987,-2.843547395,0.109860603,0.423238831,2,4,1.073789386,0.627556623,-0.699792708,-0.832203725,0.5405721,-0.191944294,0.315994218,-1.173324372,0.178231664,-0.176363514,1.006375069,-0.138086579,0.163242852,0.729964682,0.725911632,1.73479983,1.204119983
SS1293,0.596738246,-1.412500454,0.109860603,0.423238831,2,4,1.073789386,0.627556623,-0.699792708,-0.829116587,0.539856169,-0.190930997,0.315994218,-1.173324372,0.174582227,-0.176363514,1.006375069,-0.134450782,0.15831212,0.731502117,0.815577748,1.717670503,1.348304863
SS1294,0.590323505,-0.45846916,0.109860603,0.423238831,2,4,1.073789386,0.627556623,-0.699792708,-0.826016474,0.538436067,-0.189853097,0.315994218,-1.173324372,0.171948165,-0.176363514,1.006375069,-0.131823547,0.155878105,0.731712037,0.890421019,1.712649702,1.445604203
SS1301,-0.801675364,-0.45846916,0.109860603,0.884251738,2,4,0.754153633,2.266897347,-0.699792708,-0.212673365,-0.224142241,0.29787941,-0.360023101,0.004447753,-0.003209511,-0.097645705,0.952921356,0.39522502,0.331784408,0.426666847,0.753583059,1.761175813,1.525044807
SS1302,-0.526482961,-0.45846916,0.109860603,0.884251738,2,4,0.754153633,2.266897347,-0.699792708,-0.36740927,-0.137947029,0.200666603,-0.360023101,0.004447753,0.052345982,-0.097645705,0.952921356,0.316533852,0.253144664,0.589418606,0.704150517,1.887786035,1.494154594
SS1303,-0.280156894,-0.45846916,0.109860603,0.884251738,2,4,0.754153633,2.266897347,-0.699792708,-0.502662449,-0.054727925,0.125122577,-0.360023101,0.004447753,0.09199278,-0.097645705,0.952921356,0.261734374,0.189552593,0.720580431,0.682145076,2.168850904,1.421603927
SS1304,-1.425188222,-0.45846916,0.109860603,0.884251738,2,4,0.754153633,2.266897347,0.242955685,0.920066971,-0.78525625,0.863164611,-0.557772199,0.185004065,-0.003209511,0.062210277,1.097456765,0.39522502,0.238263641,0.426024086,0.90579588,1.009025742,1.372912003
SS1305,-1.246216939,-0.45846916,0.109860603,0.884251738,2,4,0.754153633,2.266897347,0.242955685,0.744907925,-0.732654437,0.760642522,-0.557772199,0.185004065,0.052345982,0.062210277,1.097456765,0.316533852,0.169097962,0.589668055,0.890979597,1.103803721,1.44870632
SS1306,-1.07879219,-0.45846916,0.109860603,0.884251738,2,4,0.754153633,2.266897347,0.242955685,0.590679593,-0.681058005,0.679290536,-0.557772199,0.185004065,0.09199278,0.062210277,1.097456765,0.261734374,0.1135291,0.720880186,0.755874856,1.719331287,1.605305046
SS1307,-1.668948392,-0.45846916,0.109860603,0.884251738,2,4,0.754153633,2.266897347,0.794428143,1.599663091,-0.982725127,1.170374643,-0.623652278,0.245156371,-0.003209511,0.119798193,1.149525464,0.39522502,0.207068315,0.425854767,0.914871818,1.109578547,1.230448921
SS1308,-1.538087669,-0.45846916,0.109860603,0.884251738,2,4,0.754153633,2.266897347,0.794428143,1.417916604,-0.945456531,1.066080829,-0.623652278,0.245156371,0.052345982,0.119798193,1.149525464,0.316533852,0.141563978,0.58896866,0.870403905,0.972665592,1.542825427
SS1309,-1.413000213,-0.45846916,0.109860603,0.884251738,2,4,0.754153633,2.266897347,0.794428143,1.256782911,-0.908517029,0.982504642,-0.623652278,0.245156371,0.09199278,0.119798193,1.149525464,0.261734374,0.088571459,0.72035385,0.839478047,1.265289626,1.56937391
SS1452,-1.065962707,-0.45846916,0.109860603,0.884251738,2,3,0.754153633,2.266897347,0.242955685,0.800102734,-0.645913977,0.523455747,-0.557772199,0.185004065,0.453066643,0.062210277,1.097456765,-0.193224363,-0.296644322,0.155094798,0.847572659,1.209515015,1.437750563
SS1453,-0.709944563,-0.45846916,0.109860603,0.884251738,2,3,0.754153633,2.266897347,0.242955685,0.522931042,-0.534609627,0.408214062,-0.557772199,0.185004065,0.528043592,0.062210277,1.097456765,-0.272404061,-0.453987276,0.362704786,0.799340549,1.469822016,1.477121255
SS1454,-0.399471083,-0.45846916,0.109860603,0.884251738,2,3,0.754153633,2.266897347,0.242955685,0.299092582,-0.428488708,0.316450674,-0.557772199,0.185004065,0.573047763,0.062210277,1.097456765,-0.318848882,-0.564919559,0.508744851,0.796574333,1.699837726,1.583198774
SS1455,0.225966197,-0.45846916,0.109860603,0.884251738,2,3,0.754153633,2.266897347,-0.699792708,-0.483996461,0.141784294,-0.135514709,-0.360023101,0.004447753,0.528043592,-0.097645705,0.952921356,-0.272404061,-0.385100563,0.36245633,0.720985744,1.682145076,1.519827994
SS1456,-1.128827172,-0.45846916,0.109860603,0.884251738,2,3,0.754153633,2.266897347,0.794428143,1.156109367,-0.797538255,0.705442365,-0.623652278,0.245156371,0.528043592,0.119798193,1.149525464,-0.272404061,-0.476842458,0.362689097,0.836956737,1.08278537,1.537819095
SS124,-1.366172602,-0.45846916,-0.983662572,-0.577990997,2,2,-2.157664405,0.2071136,0.269889207,0.715076926,-0.6936895,0.874354744,-0.561648,0.188542895,-0.887964441,0.065534642,1.100462523,0.857339442,0.787802621,-0.405627205,1.158362492,0.989004616,1.215901813
SS127,-1.01977657,-0.45846916,-0.983662572,-0.577990997,2,2,-2.157664405,0.2071136,0.269889207,0.369786316,-0.560837882,0.691831905,-0.561648,0.188542895,-0.830831735,0.065534642,1.100462523,0.736666711,0.754481037,-0.253830146,1.017033339,1.328379603,1.310693312
SS134,-0.718283727,1.926609075,0.827342413,0.656754849,1,1,-0.218555952,-1.595323368,0.240914006,0.441710227,-0.273348435,0.347023487,-0.412190959,2.109170318,0.15853739,-0.56608629,-1.141718442,-0.152705667,-0.541289397,0.50164699,0.626340367,1.340444115,1.530199698
SS135,-0.68621002,1.926609075,0.827342413,0.656754849,1,1,-0.218555952,-1.595323368,0.209218282,0.373457326,-0.185411602,0.288753036,-0.169446001,1.866842785,0.15853739,-0.577917548,-1.152486715,-0.152705667,-0.365825604,0.505391062,0.583198774,1.29666519,1.542825427
SS136,-0.692624762,1.926609075,0.827342413,0.656754849,1,1,-0.218555952,-1.595323368,0.216171765,0.346897156,-0.105836319,0.24395406,0.11093447,1.58960778,0.15853739,-0.59038804,-1.169772908,-0.152705667,-0.157660984,0.505062826,0.689308859,1.217483944,1.525044807
SS137,-0.699039503,1.926609075,0.827342413,0.656754849,1,1,-0.218555952,-1.595323368,0.22377976,0.313544623,-0.007197746,0.187454879,0.440803634,1.26340119,0.15853739,-0.613592765,-1.187423448,-0.152705667,0.086803952,0.505138964,0.652246341,1.209515015,1.5132176
SS138,-0.692624762,1.926609075,0.827342413,0.656754849,1,1,-0.218555952,-1.595323368,0.21408945,0.253337987,0.126640715,0.105289039,0.835461265,0.871974486,0.15853739,-0.655345997,-1.203126864,-0.152705667,0.380408467,0.503732305,0.671172843,1.214843848,1.582063363
SS140,-0.68621002,1.926609075,0.827342413,0.656754849,1,1,-0.218555952,-1.595323368,0.209915232,0.099489642,0.525195348,-0.146007601,1.908165031,-0.190590234,0.15853739,-0.833009591,-1.238034497,-0.152705667,1.17082882,0.505836185,0.723455672,1.385606274,1.403120521
SS930,-0.102468559,-0.935484807,-0.039636162,-0.063186759,2,2,-2.91892803,-1.595323368,-1.091068643,-1.110750664,1.008268079,-1.10164026,0.974440885,-0.029699758,-1.504169637,-0.993291643,-0.018169777,1.028759419,1.386059989,-2.066042155,0.979092901,2.42143939,1.584331224
SS168,-0.49376778,-0.935484807,-0.039636162,-0.063186759,2,2,-2.91892803,-1.595323368,-0.699792708,-0.702629089,0.726962788,-0.80961241,0.882952686,0.09405639,-1.504169637,-0.937983689,0.01512871,1.028759419,1.344488971,-2.066042155,0.971739591,2.173186268,1.567026366
SS169,-1.01977657,-0.935484807,-0.039636162,0.423238831,2,2,-2.91892803,-1.595323368,-0.060541509,-1.68E-05,0.372944258,-0.396001382,0.780066624,0.233230436,-1.504169637,-0.866156246,0.058372855,1.028759419,1.295821491,-2.066042155,1.049218023,1.810232518,1.635483747
SS170,-1.180145103,-0.935484807,-0.039636162,-0.063186759,2,2,-2.91892803,-1.595323368,0.173191756,0.268664513,0.271343988,-0.255584369,0.752998058,0.269846104,-1.504169637,-0.845259928,0.070953608,1.028759419,1.283532127,-2.066042155,1.049218023,1.737192643,1.700703717
SS171,-1.302025188,-0.935484807,-0.039636162,-0.063186759,2,2,-2.91892803,-1.595323368,0.372586911,0.500258654,0.195458062,-0.139471803,0.733313584,0.296473305,-1.504169637,-0.829476222,0.080456283,1.028759419,1.274252237,-2.066042155,1.089905111,1.478566496,1.599883072
SS172,-1.475223204,-0.935484807,-0.039636162,-0.577990997,2,2,-2.91892803,-1.595323368,0.700591046,0.885139471,0.0896303,0.045682976,0.706601307,0.332607021,-1.504169637,-0.807216686,0.093857771,1.028759419,1.261008573,-2.066042155,1.071882007,1.5289167,1.658011397
SS175,-0.765752813,-0.45846916,0.109860603,-1.558152882,2,2,-1.804186252,-0.612556762,-0.396295514,-0.394406452,0.783069551,-0.105438331,0.922872951,0.058452055,-1.505136183,-0.944554976,-0.199273078,2.149851457,0.565673799,-2.066042155,1.133538908,1.73239376,1.675778342
SS191,0.622397211,1.926609075,-0.19126562,-0.013320012,2,2,-0.466484703,2.266897347,-0.699792708,-0.481122555,0.66179071,0.329914292,-0.360023101,0.004447753,1.97207367,-0.097645705,0.952921356,0.227902114,0.333768191,0.890371026,0.822168079,1.664641976,1.588831726
SS216,0.462028678,0.495562134,-0.659581224,-0.577990997,2,2,-0.466484703,-0.775653006,1.555560698,0.446857087,0.423523942,0.094035258,0.660899948,0.028771942,1.48746108,0.911347758,0.118247094,0.240196682,-0.523848363,0.058528469,0.912753304,1.146128036,1.418301291
SS218,0.609567729,0.495562134,-0.659581224,-0.577990997,2,2,-0.466484703,-0.775653006,1.555560698,0.508234538,0.346574718,-0.125533416,0.660899948,0.028771942,1.690001643,0.911347758,0.118247094,-0.010417937,-0.89198312,-0.1269905,0.941014244,1.579783597,1.511883361
SS221,0.340148593,0.734069957,3.070712847,2.519656383,1,3,1.974791969,-0.240856293,0.242955685,-0.424787735,0.986120425,-0.493234845,1.042552233,-0.624021505,0.267911629,-0.77853409,1.21456938,-0.275720871,-0.189792523,0.912530995,1.283301229,0.982271233,1.499687083
SS222,0.789180486,0.734069957,3.070712847,2.519656383,1,3,1.974791969,-0.240856293,0.242955685,-0.690452301,1.142805474,-0.603292238,1.042552233,-0.624021505,0.292025634,-0.77853409,1.21456938,-0.302111001,-0.361158115,1.031633764,1.195899652,1.158362492,1.71432976
SS226,0.340148593,0.734069957,3.070712847,2.519656383,1,3,1.974791969,-0.240856293,-0.699792708,-0.755905494,1.263390796,-0.770570384,1.166075542,-0.767486262,0.176622894,-0.934410865,0.890966955,-0.173433881,0.366652166,0.546783494,1.294466226,1.100370545,1.540329475
SS227,0.789180486,0.734069957,3.070712847,2.519656383,1,3,1.974791969,-0.240856293,-0.699792708,-0.958081551,1.396728053,-0.861100182,1.166075542,-0.767486262,0.220544833,-0.934410865,0.890966955,-0.223126929,0.127279066,0.709460926,1.206825876,1.451632947,1.69019608
SS250,0.205439025,-0.45846916,-0.039636162,-0.063186759,2,2,-0.714413455,-0.518306227,-1.56328965,-1.084174398,1.495228729,-1.220555814,1.281023495,-0.760227103,0.153132892,-1.033934966,-0.546146246,-0.156682923,0.627762433,-0.100836605,0.802089258,1.273001272,1.285557309
SS251,0.614058047,-0.45846916,-0.039636162,-0.063186759,2,2,-0.714413455,-0.518306227,-1.56328965,-1.156168908,1.489180881,-1.425254325,1.281023495,-0.760227103,0.36044837,-1.033934966,-0.546146246,-0.394359126,0.328512405,-0.10742415,0.764922985,1.273464273,1.390935107
SS273,0.378637041,-0.45846916,0.257283837,0.183376499,2,2,0.303652341,0.827170292,-0.904926684,-0.709970808,0.37596365,-1.654555528,0.925136167,0.676394395,-0.262573362,-0.834294412,-1.013315389,-0.379349369,0.263031153,-1.039275114,0.832508913,1.428134794,1.298853076
SS288,-0.301325541,1.449593428,-0.039636162,0.656754849,2,3,0.595158164,0.00749993,-0.396295514,-0.296054005,0.972657923,-0.51132168,1.116661785,-0.71009521,0.139041669,-0.878841102,1.006330581,-0.130183134,0.555302823,0.408986182,0.781036939,1.070037867,1.691965103
SS289,0.340148593,0.972577781,-0.039636162,0.656754849,2,3,0.595158164,0.00749993,-0.396295514,-0.632038678,1.151037964,-0.662382024,1.116661785,-0.71009521,0.21506136,-0.878841102,1.006330581,-0.216972241,0.173541567,0.670618831,0.781036939,1.530199698,1.691965103
SS290,0.981622726,0.972577781,-0.039636162,0.656754849,2,3,0.595158164,0.00749993,-0.396295514,-0.951109911,1.360364922,-0.799199617,1.116661785,-0.71009521,0.263387196,-0.878841102,1.006330581,-0.270740772,-0.131966369,0.880223304,0.77480883,1.645422269,1.883093359
SS292,0.340148593,0.972577781,-0.039636162,0.656754849,2,3,0.595158164,0.00749993,-0.497926892,-0.606296774,0.918296632,-0.500232207,0.520275804,0.059541871,0.200391016,-0.793553981,0.893070124,-0.200437469,-0.144227471,0.633692984,0.693726949,1.356025857,1.771587481
SS293,0.981622726,0.972577781,-0.039636162,0.656754849,2,3,0.595158164,0.00749993,-0.497926892,-0.921620966,1.142867194,-0.635574317,0.520275804,0.059541871,0.25303166,-0.793553981,0.893070124,-0.25930793,-0.364527239,0.848235899,0.707570176,1.675778342,1.877946952
SS383,-0.352643471,1.926609075,-0.50117226,-1.558152882,2,2,-0.218555952,-0.576039336,0.263205664,0.151330765,-0.744259615,0.52980751,0.121754746,-1.006353512,-0.692647963,0.571950298,-0.916527688,0.839970988,-0.823233524,0.422816025,1.008600172,0.77815125,1.252853031
SS1328,0.680129883,1.926609075,-0.50117226,-1.558152882,2,2,-0.218555952,-0.576039336,0.263205664,-0.530609147,-0.25865002,0.292066234,0.121754746,-1.006353512,-0.602747191,0.571950298,-0.916527688,1.029638111,-1.633659812,0.702628184,0.681241237,1.84509804,1.426511261
SS1330,-1.103168207,1.926609075,-0.50117226,-1.558152882,2,2,-0.218555952,-0.576039336,2.121634921,1.555720243,-1.251234317,1.209858397,-0.018628037,-0.881742997,-0.602365041,0.688263985,-0.884394583,1.030382447,-1.661585214,0.704157623,1.190331698,0.176091259,0.924279286
SS1331,-0.949214415,1.926609075,-0.50117226,-1.558152882,2,2,-0.218555952,-0.576039336,2.121634921,1.354837958,-1.19701078,1.133918594,-0.018628037,-0.881742997,-0.588416568,0.688263985,-0.884394583,1.05722531,-1.805360729,0.755548368,1.068185862,0.423245874,0.86923172
SS1332,-0.378302437,1.926609075,-0.50117226,-1.558152882,2,2,-0.218555952,-0.576039336,2.121634921,0.716323112,-0.976818588,0.888334479,-0.018628037,-0.881742997,-0.555933823,0.688263985,-0.884394583,1.117379499,-2.165633976,0.88500978,0.991226076,0.653212514,1.230448921
SS1334,-0.936384932,1.926609075,-0.50117226,-1.558152882,2,2,-0.218555952,-0.576039336,2.657065593,1.448660793,-1.218693546,1.18840889,-0.034261364,-0.867866103,-0.560328547,0.701735982,-0.880672776,1.10942689,-2.115560009,0.866231377,1.079181246,0.342422681,0.908485019
SS1335,-0.307740282,1.926609075,-0.50117226,-1.558152882,2,2,-0.218555952,-0.576039336,2.657065593,0.715683793,-0.972707925,0.902229765,-0.034261364,-0.867866103,-0.536635251,0.701735982,-0.880672776,1.151643195,-2.399820719,0.969302546,0.995635195,0.612783857,1.320146286
SS1337,-0.314155023,1.926609075,-0.50117226,-1.558152882,2,2,-0.218555952,-0.576039336,0.242955685,0.186716083,-0.515460997,0.44981262,-0.557772199,0.185004065,-0.690259526,0.062210277,1.097456765,0.845417347,-1.335688774,0.429053916,0.875061263,1.161368002,1.641474111
SS1509,0.038014276,-0.45846916,1.101302032,1.106032015,1,3,0.754153633,0.627556623,0.242955685,0.443364971,-0.540613152,-0.327996141,-0.557772199,0.185004065,0.197000189,0.062210277,1.097456765,-1.146750299,-0.342079043,-0.919906199,0.972202838,1.58546073,1.357934847
SS1510,-0.420639729,-0.45846916,1.101302032,1.106032015,1,3,0.754153633,0.627556623,0.242955685,0.620643536,-0.640074075,-0.239192526,-0.557772199,0.185004065,-0.093370074,0.062210277,1.097456765,-0.884552364,-0.150050909,-1.090757805,0.975891136,1.53529412,1.371067862
SS1511,-0.787562933,-0.45846916,1.101302032,1.106032015,1,3,0.754153633,0.627556623,0.242955685,0.764651589,-0.715347559,-0.159169727,-0.557772199,0.185004065,-0.383740337,0.062210277,1.097456765,-0.594410765,0.029420718,-1.259338688,1.041392685,1.149219113,1.301029996
SS1515,-0.420639729,-0.45846916,1.101302032,1.106032015,1,3,0.754153633,0.627556623,0.242955685,0.490270438,0.230816596,-1.192246964,0.786698425,0.140640728,-0.093370074,-0.825103437,-0.089448855,-0.884552364,0.052547898,-1.090757805,0.968015714,2.082426301,1.307496038
SS1516,-0.787562933,-0.45846916,1.101302032,1.106032015,1,3,0.754153633,0.627556623,0.242955685,0.628428116,0.190031488,-1.094131578,0.786698425,0.140640728,-0.383740337,-0.825103437,-0.089448855,-0.594410765,0.259070101,-1.259338688,1.008600172,2.113943352,1.212187604
SS1517,-1.336664791,-0.45846916,1.101302032,1.106032015,1,3,0.754153633,0.627556623,0.242955685,0.844874529,0.130438633,-0.882848355,0.786698425,0.140640728,-0.964480862,-0.825103437,-0.089448855,0.099121574,0.650832416,-1.615857304,1.081347308,2.157456768,1.281033367
SS1339,0.687827573,-0.45846916,0.827342413,1.106032015,1,3,0.754153633,0.627556623,-0.699792708,-0.635022415,0.508402226,-0.028616999,-0.360023101,0.004447753,-0.092488099,-0.097645705,0.952921356,-0.435213849,0.008684665,-0.584534634,0.62324929,1.550228353,1.255272505
SS415,0.205439025,-0.45846916,0.827342413,1.106032015,1,3,0.754153633,0.627556623,-0.699792708,-0.469346611,0.254164316,-0.01359893,-0.360023101,0.004447753,-0.334610314,-0.097645705,0.952921356,-0.239276192,0.175156528,-0.837666687,0.653212514,1.40654018,1.265760917
SS1340,-0.194840834,-0.45846916,0.827342413,1.106032015,1,3,0.754153633,0.627556623,-0.699792708,-0.334601966,0.058484102,-0.023468698,-0.360023101,0.004447753,-0.576732529,-0.097645705,0.952921356,-0.028149282,0.326033133,-1.079914167,0.72427587,1.354108439,1.173186268
SS1344,0.929021847,-0.45846916,0.827342413,1.106032015,1,3,0.754153633,0.627556623,-0.904926684,-0.94888788,1.233389071,-0.456656458,0.925136167,0.676394395,-0.092488099,-0.834294412,-1.013315389,-0.435213849,0.582737267,-0.584495653,0.51851394,1.740362689,1.515873844
SS416,0.436369713,-0.45846916,0.827342413,1.106032015,1,3,0.754153633,0.627556623,-0.904926684,-0.806786355,0.984881589,-0.463818142,0.925136167,0.676394395,-0.334610314,-0.834294412,-1.013315389,-0.239276192,0.850696335,-0.837820749,0.575187845,1.602059991,1.489958479
SS1345,0.020053,-0.45846916,0.827342413,1.106032015,1,3,0.754153633,0.627556623,-0.904926684,-0.690506739,0.788566747,-0.497826523,0.925136167,0.676394395,-0.576732529,-0.834294412,-1.013315389,-0.028149282,1.09117955,-1.079906943,0.653212514,1.326335861,1.471291711
SS1346,-0.654777788,-0.45846916,0.827342413,0.884251738,1,3,0.754153633,0.627556623,-0.904926684,-0.504352355,0.481879935,-0.670320127,0.925136167,0.676394395,-1.060976958,-0.834294412,-1.013315389,0.45059377,1.523723907,-1.557977578,0.740362689,1.292256071,1.33243846
SS417,0.981622726,-0.45846916,0.827342413,1.106032015,1,3,0.754153633,0.627556623,0.242955685,0.067994764,-0.010114618,0.021347083,-0.557772199,0.185004065,2.235125535,0.062210277,1.097456765,-1.626314063,-0.829262633,1.034995198,0.653212514,1.346352974,1.630427875
SS418,1.623096859,-0.45846916,0.827342413,1.106032015,1,3,0.754153633,0.627556623,0.242955685,-0.210978884,0.263621173,-0.10513765,-0.557772199,0.185004065,2.477742428,0.062210277,1.097456765,-1.758769623,-0.986626427,1.23109712,0.62838893,1.64738297,1.600972896
SS1350,-0.301325541,-0.45846916,0.827342413,1.106032015,1,3,0.754153633,0.627556623,0.242955685,0.482874929,0.461100221,-0.293176715,0.786698425,0.140640728,1.476170125,-0.825103437,-0.089448855,-1.164753397,-0.239842807,0.550073794,0.829303773,1.593286067,1.334453751
SS420,1.623096859,-0.45846916,0.827342413,1.106032015,1,3,0.754153633,0.627556623,0.242955685,-0.34114672,0.742550496,-0.496119253,0.833986817,0.875190244,2.477742428,-0.651872689,-1.206811019,-1.758769623,-0.637238497,1.23109712,0.537819095,1.649334859,1.477121255
SS1356,1.353036249,-0.45846916,0.827342413,1.214866817,1,3,0.754153633,0.627556623,-0.904926684,-0.848041063,1.176748543,-0.612970451,0.925136167,0.676394395,1.669050058,-0.834294412,-1.013315389,-1.133742764,0.795218895,1.004649044,0.352182518,2.944482672,1.698970004
SS1357,0.879628339,-0.45846916,0.827342413,1.214866817,1,3,0.754153633,0.627556623,-0.904926684,-0.725451093,1.015128974,-0.549137359,0.925136167,0.676394395,1.381844617,-0.834294412,-1.013315389,-0.96272264,0.910090392,0.778809786,0.397940009,2.283301229,1.71432976
SS1358,1.387675852,-0.45846916,0.827342413,1.214866817,1,3,0.754153633,0.627556623,-0.904926684,-0.837194843,1.231000279,-0.565733024,0.925136167,0.676394395,1.673155632,-0.834294412,-1.013315389,-1.191793805,0.718464093,0.940827571,0.352182518,2.662757832,1.536558443
SS1361,1.421673981,-0.45846916,0.827342413,1.214866817,1,3,0.754153633,0.627556623,-0.904926684,-0.826465262,1.284675039,-0.521414576,0.925136167,0.676394395,1.675002475,-0.834294412,-1.013315389,-1.248633819,0.644717424,0.879710782,0.301029996,2.812913357,1.602059991
TSS4,1.379336688,-0.45846916,-0.50117226,-0.446447718,2,2,-1.236621747,0.308492083,-0.699792708,-0.89887094,0.836772387,-0.884773017,-3.639946865,2.3328226,0.034878353,-1.197146384,-1.406136978,-0.642781784,0.192902763,0.08901622,0.72427587,1.8874485,1.492760389
TSS13,0.666017452,-0.45846916,-0.039636162,-0.577990997,2,2,0.754153633,0.627556623,-0.699792708,-0.672609182,0.459547574,-0.023810832,-0.360023101,0.004447753,0.660688119,-0.097645705,0.952921356,-0.39961742,0.697667488,0.434874564,0.840733235,2.207634367,1.46686762
TSS25,-0.58678153,1.926609075,-0.039636162,-0.577990997,2,2,0.551581093,-0.612556762,0.242955685,0.189868911,0.153500619,0.079672913,0.833986817,0.875190244,0.17771706,-0.651872689,-1.206811019,-0.174682886,0.287151634,0.569582111,0.918030337,0.810904281,1.62324929
TSS26,-0.464901445,1.926609075,-0.039636162,-0.577990997,2,2,0.551581093,-0.612556762,0.242955685,0.103862843,0.193790708,0.042658353,0.833986817,0.875190244,0.194281321,-0.651872689,-1.206811019,-0.193521597,0.207951037,0.625249702,0.838849091,0.845718018,1.583198774
TSS27,-0.348794626,1.926609075,-0.039636162,-0.577990997,2,2,0.551581093,-0.612556762,0.242955685,0.023666691,0.233747327,0.008597957,0.833986817,0.875190244,0.207358368,-0.651872689,-1.206811019,-0.208302802,0.135715537,0.676101866,0.870988814,0.773054693,1.607455023
